Task ID,Created Date,Due Date,Completed Date,Owner,Team,Priority,Status,Client/Project,Estimated Hours,Actual Hours,Rework
T-0001,17 Jan 2026,2026-05-19,,Theo R.,Implementation,Medium,In progress,Blue Orbit,24.0,6.0,No
T-0002,2026-02-19,2026-02-20,18/02/2026,Theo R.,Customer Success,High,Completed,Cedar & Finch,16.0,19.0,Yes
T-0003,17 Feb 2026,2026-07-20,2026-03-20,Marco L.,Implementation,Medium,WIP,Cedar & Finch,10.0,14.0,No
T-0004,27 Feb 2026,2026-07-29,,Amina K.,Customer Success,High,WIP,Cedar & Finch,0.0,8.0,No
T-0005,05 Mar 2026,2026-03-07,04/03/2026,Marco L.,Operations,Medium,done,Blue Orbit,15.0,14.0,No
T-0006,11/01/2026,2026-01-13,,Priya S.,Customer Success,Medium,in-progress,Cedar & Finch,13.0,20.0,No
T-0007,11 Mar 2026,2026-07-06,,Marco L.,Customer Success,High,In progress,Blue Orbit,5.0,10.0,Yes
T-0008,04/02/2026,2026-06-20,,Sam N.,Implementation,Low,In progress,Northstar Labs,18.0,8.0,No
T-0009,14 Feb 2026,2026-02-18,18/02/2026,Amina K.,Customer Success,Medium,done,Juniper Works,4.0,16.0,No
T-0010,06/01/2026,2026-01-08,10/01/2026,Jules M.,Customer Success,High,done,Cedar & Finch,8.0,2.0,Yes
T-0011,2026-03-10,2026-07-14,,Priya S.,Implementation,Medium,WIP,Blue Orbit,8.0,2.0,No
T-0012,14/01/2026,2026-01-16,15/01/2026,Theo R.,Customer Success,Medium,Done,Cedar & Finch,7.0,2.0,No
T-0013,2026-03-15,2026-03-20,19/03/2026,Sam N.,Implementation,Low,done,Juniper Works,24.0,24.0,No
T-0014,2026-03-16,2026-07-27,,Priya S.,Implementation,High,Blocked,Juniper Works,23.0,7.0,No
T-0015,2026-01-14,2026-01-17,15/01/2026,Sam N.,Operations,Low,DONE,Blue Orbit,0.0,8.0,Yes
T-0016,2026-01-29,2026-01-31,28/01/2026,Theo R.,Operations,Medium,done,Cedar & Finch,18.0,24.0,No
T-0017,01 Feb 2026,2026-05-04,,Priya S.,Implementation,High,WIP,Juniper Works,16.0,6.0,No
T-0018,28/02/2026,2026-03-07,06/03/2026,Marco L.,Implementation,High,done,Cedar & Finch,7.0,4.0,No
T-0019,2026-03-29,2026-03-31,29/03/2026,Priya S.,Implementation,Medium,done,Northstar Labs,20.0,9.0,No
T-0020,2026-02-24,2026-02-25,28/02/2026,Priya S.,Implementation,High,done,Blue Orbit,3.0,21.0,No
T-0021,14 Mar 2026,2026-03-16,18/03/2026,Priya S.,Operations,High,Completed,Northstar Labs,15.0,4.0,No
T-0022,02 Mar 2026,2026-07-06,,Amina K.,Implementation,Low,in-progress,Cedar & Finch,19.0,24.0,No
T-0023,2026-03-06,2026-03-10,09/03/2026,Priya S.,Implementation,High,done,Juniper Works,7.0,7.0,No
T-0024,19 Mar 2026,2026-03-26,24/03/2026,Marco L.,Customer Success,High,Completed,Juniper Works,20.0,15.0,Yes
T-0025,27 Mar 2026,2026-08-12,,Sam N.,Operations,High,Blocked,Cedar & Finch,5.0,23.0,No
T-0026,05 Jan 2026,2026-01-10,08/01/2026,Marco L.,Implementation,Medium,Done,Northstar Labs,12.0,5.0,Yes
T-0027,2026-03-02,2026-03-09,08/03/2026,Jules M.,Implementation,Medium,Completed,Northstar Labs,9.0,9.0,No
T-0028,2026-02-19,2026-06-08,,Marco L.,Operations,Medium,in-progress,Juniper Works,19.0,11.0,No
T-0029,12 Jan 2026,2026-05-30,,Priya S.,Customer Success,Medium,Blocked,Northstar Labs,20.0,18.0,No
T-0030,11/01/2026,2026-04-02,,Amina K.,Operations,High,In progress,Juniper Works,0.0,17.0,No
T-0031,09 Mar 2026,2026-03-10,11/03/2026,Amina K.,Implementation,Medium,Completed,Northstar Labs,7.0,3.0,No
T-0032,2026-03-14,2026-03-15,13/03/2026,Theo R.,Operations,High,Completed,Northstar Labs,20.0,18.0,No
T-0033,07/03/2026,2026-03-08,06/03/2026,Amina K.,Implementation,High,DONE,Cedar & Finch,10.0,24.0,No
T-0034,2026-02-26,2026-07-02,,Amina K.,Operations,Low,In progress,Juniper Works,17.0,11.0,No
T-0035,12/01/2026,2026-01-16,15/01/2026,Priya S.,Customer Success,Medium,done,Northstar Labs,23.0,2.0,No
T-0036,21 Jan 2026,2026-01-26,25/01/2026,Theo R.,Implementation,Medium,DONE,Blue Orbit,14.0,10.0,No
T-0037,21/03/2026,2026-07-04,,Marco L.,Customer Success,Medium,Blocked,Cedar & Finch,20.0,3.0,No
T-0038,19/01/2026,2026-06-17,2026-03-20,Priya S.,Implementation,High,blocked,Cedar & Finch,13.0,24.0,No
T-0039,2026-01-27,2026-01-30,27/01/2026,Marco L.,Implementation,Medium,DONE,Juniper Works,23.0,24.0,No
T-0040,2026-03-26,2026-04-02,29/03/2026,Marco L.,Operations,Medium,done,Northstar Labs,23.0,3.0,No
T-0041,14/02/2026,2026-02-21,21/02/2026,Amina K.,Implementation,High,done,Cedar & Finch,400.0,19.0,No
T-0042,29/01/2026,2026-05-13,,Jules M.,Implementation,Medium,WIP,Juniper Works,15.0,2.0,No
T-0043,03/02/2026,2026-02-04,04/02/2026,,Implementation,High,done,Juniper Works,12.0,14.0,No
T-0044,19/03/2026,2026-07-27,,Jules M.,Customer Success,Medium,Blocked,Juniper Works,19.0,24.0,No
T-0045,14/01/2026,2026-04-28,,Theo R.,Operations,Medium,Blocked,Juniper Works,2.0,7.0,Yes
T-0046,22 Jan 2026,2026-01-23,,Priya S.,Implementation,Low,WIP,Blue Orbit,10.0,2.0,No
T-0047,2026-02-02,2026-02-09,12/02/2026,  amina k.  ,Customer Success,High,Done,Juniper Works,13.0,7.0,No
T-0048,14 Mar 2026,2026-03-18,20/03/2026,Priya S.,Customer Success,High,done,Cedar & Finch,22.0,14.0,No
T-0049,16/02/2026,2026-05-11,,Jules M.,Operations,Medium,Not started,Blue Orbit,11.0,400.0,No
T-0050,2026-01-11,2026-01-19,19/01/2026,Marco L.,Customer Success,High,DONE,Juniper Works,14.0,9.0,No
T-0051,06 Mar 2026,2026-03-09,10/03/2026,Jules M.,Customer Success,High,DONE,Juniper Works,15.0,20.0,No
T-0052,24 Mar 2026,2026-06-26,,Priya S.,Implementation,Low,blocked,Blue Orbit,23.0,-2.0,Yes
T-0053,2026-01-12,2026-01-15,,Priya S.,Implementation,High,Done,Cedar & Finch,400.0,12.0,No
T-0054,2026-01-21,2026-01-28,29/01/2026,Marco L.,Operations,High,done,Cedar & Finch,13.0,14.0,No
T-0055,19 Mar 2026,2026-03-22,20/03/2026,Marco L.,Operations,Medium,DONE,Northstar Labs,-1.0,2.0,No
T-0056,09 Mar 2026,2026-03-11,09/03/2026,  jules m.  ,Implementation,High,done,Juniper Works,15.0,22.0,No
T-0057,2026-01-25,2026-02-02,01/02/2026,Priya S.,Implementation,Medium,Completed,Northstar Labs,20.0,16.0,Yes
T-0058,04 Mar 2026,2026-03-10,08/03/2026,Priya S.,Operations,High,DONE,Northstar Labs,18.0,17.0,No
T-0059,2026-01-18,2026-01-26,25/01/2026,Jules M.,Customer Success,High,DONE,Blue Orbit,4.0,18.0,No
T-0060,06 Feb 2026,2026-02-11,11/02/2026,Priya S.,Implementation,Low,Done,Blue Orbit,22.0,14.0,No
T-0061,2026-03-08,2026-03-09,07/03/2026,Priya S.,Customer Success,Medium,Completed,Juniper Works,13.0,12.0,No
T-0062,03 Mar 2026,2026-08-01,,Jules M.,Implementation,Low,in-progress,Blue Orbit,18.0,14.0,Yes
T-0063,15/03/2026,2026-07-07,,Priya S.,Customer Success,Low,Blocked,Cedar & Finch,19.0,16.0,No
T-0064,20/02/2026,2026-02-28,25/02/2026,Priya S.,Operations,Medium,DONE,Juniper Works,6.0,3.0,No
T-0065,19 Jan 2026,2026-06-27,,Marco L.,Operations,Medium,WIP,Blue Orbit,-1.0,4.0,No
T-0066,2026-03-16,2026-03-23,23/03/2026,Sam N.,Operations,High,done,Blue Orbit,22.0,23.0,Yes
T-0067,14/03/2026,2026-03-16,14/03/2026,Jules M.,Operations,Medium,DONE,Juniper Works,5.0,21.0,No
T-0068,06 Jan 2026,2026-01-14,16/01/2026,Jules M.,Operations,Low,Done,Juniper Works,8.0,22.0,No
T-0069,04/03/2026,2026-03-06,07/03/2026,Jules M.,Implementation,Medium,done,Cedar & Finch,23.0,11.0,Yes
T-0070,2026-02-02,2026-02-10,12/02/2026,Priya S.,Implementation,Low,Completed,Blue Orbit,14.0,2.0,No
T-0071,25 Mar 2026,2026-04-02,29/03/2026,Marco L.,Customer Success,Medium,Completed,Northstar Labs,19.0,400.0,No
T-0072,09 Mar 2026,2026-03-11,11/03/2026,  amina k.  ,Operations,Medium,Completed,Cedar & Finch,22.0,3.0,No
T-0073,2026-01-15,2026-01-19,18/01/2026,Amina K.,Implementation,Low,done,Juniper Works,14.0,9.0,Yes
T-0074,22 Mar 2026,2026-08-29,,Amina K.,Customer Success,Low,WIP,Northstar Labs,18.0,18.0,No
T-0075,2026-03-07,2026-03-11,09/03/2026,Marco L.,Operations,Medium,Completed,Juniper Works,5.0,17.0,No
T-0076,27 Jan 2026,2026-02-04,07/02/2026,Priya S.,Customer Success,Low,Completed,Blue Orbit,23.0,22.0,No
T-0077,06/03/2026,2026-03-07,05/03/2026,,Customer Success,High,DONE,Northstar Labs,18.0,22.0,No
T-0078,25 Mar 2026,2026-03-29,28/03/2026,Priya S.,Implementation,Medium,done,Northstar Labs,23.0,24.0,No
T-0079,13/03/2026,2026-03-19,20/03/2026,Marco L.,Operations,High,done,Northstar Labs,8.0,21.0,No
T-0080,2026-02-02,2026-05-02,,Sam N.,Implementation,High,Not started,Blue Orbit,11.0,16.0,Yes
T-0081,09 Jan 2026,2026-05-22,,Theo R.,Customer Success,High,blocked,Northstar Labs,7.0,13.0,No
T-0082,23 Mar 2026,2026-08-29,,Marco L.,Implementation,High,Blocked,Juniper Works,19.0,10.0,No
T-0083,11/03/2026,2026-07-08,,Priya S.,Customer Success,Medium,in-progress,Northstar Labs,9.0,400.0,Yes
T-0084,2026-01-15,2026-01-21,19/01/2026,Priya S.,Customer Success,Medium,done,Cedar & Finch,5.0,2.0,No
T-0085,2026-02-24,2026-06-09,,Priya S.,Operations,Medium,Blocked,Northstar Labs,10.0,9.0,No
T-0086,07/01/2026,2026-01-13,13/01/2026,Jules M.,Implementation,Low,Completed,Cedar & Finch,11.0,12.0,No
T-0087,08 Jan 2026,2026-01-12,,Amina K.,Customer Success,Medium,WIP,Blue Orbit,3.0,4.0,No
T-0088,10 Mar 2026,2026-03-15,15/03/2026,Priya S.,Operations,Medium,done,Cedar & Finch,3.0,21.0,No
T-0089,2026-03-22,2026-03-27,28/03/2026,Priya S.,Customer Success,High,done,Juniper Works,17.0,3.0,No
T-0090,04/02/2026,2026-02-07,06/02/2026,Jules M.,Customer Success,High,done,Northstar Labs,6.0,12.0,No
T-0091,28 Mar 2026,2026-04-05,29/03/2026,Priya S.,Operations,Low,Done,Cedar & Finch,11.0,20.0,No
T-0092,01/02/2026,2026-02-06,08/02/2026,Priya S.,Customer Success,Medium,Completed,Cedar & Finch,9.0,17.0,No
T-0093,08/02/2026,2026-02-11,11/02/2026,Marco L.,Customer Success,Low,Completed,Northstar Labs,15.0,3.0,No
T-0094,21/02/2026,2026-02-26,25/02/2026,Theo R.,Implementation,Medium,Completed,Juniper Works,7.0,400.0,No
T-0095,08/02/2026,2026-02-16,16/02/2026,Priya S.,Customer Success,High,DONE,Juniper Works,6.0,0.0,No
T-0096,2026-03-22,2026-03-25,27/03/2026,Marco L.,Implementation,Medium,Done,Blue Orbit,19.0,21.0,No
T-0097,18 Feb 2026,2026-06-29,,Amina K.,Operations,High,Blocked,Juniper Works,24.0,22.0,No
T-0098,04/03/2026,2026-03-09,07/03/2026,Priya S.,Implementation,Low,Completed,Blue Orbit,17.0,-3.0,No
T-0099,09/02/2026,2026-02-10,08/02/2026,Theo R.,Customer Success,High,Done,Cedar & Finch,11.0,22.0,No
T-0100,2026-02-02,2026-02-04,,Priya S.,Operations,Medium,WIP,Northstar Labs,18.0,22.0,No
T-0101,24 Mar 2026,2026-08-15,,Priya S.,Operations,Medium,Not started,Northstar Labs,12.0,6.0,No
T-0102,16 Jan 2026,2026-05-26,,Theo R.,Implementation,Low,Blocked,Cedar & Finch,4.0,12.0,No
T-0103,2026-03-18,2026-03-19,21/03/2026,Marco L.,Operations,Medium,Done,Juniper Works,-4.0,21.0,No
T-0104,05/02/2026,2026-02-08,,Priya S.,Implementation,Low,In progress,Northstar Labs,5.0,17.0,No
T-0105,2026-03-20,2026-07-16,2026-03-20,Marco L.,Customer Success,Low,In progress,Cedar & Finch,7.0,11.0,No
T-0106,23/01/2026,2026-01-29,01/02/2026,Priya S.,Operations,Medium,Completed,Juniper Works,23.0,23.0,No
T-0107,2026-02-19,2026-02-24,23/02/2026,Priya S.,Implementation,Medium,DONE,Juniper Works,16.0,18.0,No
T-0108,07 Mar 2026,2026-03-14,12/03/2026,Amina K.,Customer Success,Medium,Done,Blue Orbit,9.0,16.0,No
T-0109,2026-02-12,2026-06-02,,Theo R.,Operations,High,WIP,Northstar Labs,16.0,20.0,No
T-0110,29/01/2026,2026-06-18,,Marco L.,Implementation,Low,in-progress,Blue Orbit,10.0,18.0,Yes
T-0111,2026-02-12,2026-06-07,,Priya S.,Implementation,Medium,In progress,Juniper Works,20.0,18.0,No
T-0112,20 Jan 2026,2026-01-23,23/01/2026,Theo R.,Customer Success,High,DONE,Blue Orbit,7.0,16.0,No
T-0113,2026-03-15,2026-03-16,18/03/2026,Marco L.,Implementation,Medium,Completed,Northstar Labs,12.0,24.0,No
T-0114,2026-01-10,2026-04-10,,Priya S.,Operations,Low,In progress,Northstar Labs,11.0,16.0,No
T-0115,02 Mar 2026,2026-03-09,08/03/2026,Priya S.,Implementation,Low,Done,Juniper Works,6.0,8.0,No
T-0116,2026-03-24,2026-03-28,27/03/2026,Theo R.,Customer Success,Low,Done,Blue Orbit,7.0,17.0,No
T-0117,16/03/2026,2026-03-23,24/03/2026,Theo R.,Implementation,High,DONE,Juniper Works,11.0,12.0,No
T-0118,2026-03-06,2026-03-10,07/03/2026,Amina K.,Customer Success,Low,DONE,Cedar & Finch,7.0,5.0,No
T-0119,24/01/2026,2026-04-23,,Priya S.,Operations,Low,Blocked,Northstar Labs,7.0,16.0,No
T-0120,13 Mar 2026,2026-03-21,18/03/2026,Priya S.,Customer Success,Medium,done,Northstar Labs,21.0,14.0,No
T-0121,18/01/2026,2026-01-26,26/01/2026,Theo R.,Implementation,Medium,Done,Blue Orbit,19.0,9.0,No
T-0122,18 Mar 2026,2026-06-29,,Marco L.,Operations,Medium,blocked,Juniper Works,17.0,20.0,No
T-0123,2026-02-06,2026-06-15,,Priya S.,Operations,Medium,in-progress,Juniper Works,22.0,19.0,No
T-0124,2026-01-23,2026-06-26,,Marco L.,Implementation,Medium,Not started,Cedar & Finch,18.0,19.0,No
T-0125,2026-03-16,2026-03-23,22/03/2026,Priya S.,Customer Success,Medium,DONE,Juniper Works,22.0,11.0,No
T-0126,2026-01-16,2026-01-20,17/01/2026,Priya S.,Operations,Medium,Done,Juniper Works,16.0,4.0,No
T-0127,08/03/2026,2026-03-10,11/03/2026,Priya S.,Operations,High,done,Juniper Works,4.0,18.0,No
T-0128,2026-02-08,2026-02-14,13/02/2026,Marco L.,Implementation,Medium,Completed,Juniper Works,9.0,19.0,No
T-0129,27/03/2026,2026-04-03,29/03/2026,Amina K.,Operations,Low,Completed,Blue Orbit,6.0,9.0,No
T-0130,16 Jan 2026,2026-05-25,,Marco L.,Implementation,High,Blocked,Northstar Labs,3.0,21.0,No
T-0131,12/02/2026,2026-02-16,15/02/2026,Marco L.,Implementation,Medium,DONE,Cedar & Finch,23.0,11.0,No
T-0132,2026-02-05,2026-05-30,,  priya s.  ,Operations,Medium,Blocked,Blue Orbit,6.0,18.0,No
T-0133,18 Jan 2026,2026-01-21,19/01/2026,Theo R.,Customer Success,High,Done,Juniper Works,11.0,13.0,No
T-0134,04/03/2026,2026-03-09,07/03/2026,Marco L.,Implementation,High,DONE,Juniper Works,24.0,10.0,No
T-0135,26/03/2026,2026-08-30,,Priya S.,Implementation,Low,Not started,Blue Orbit,8.0,11.0,No
T-0136,11/02/2026,2026-02-18,16/02/2026,,Implementation,High,DONE,Cedar & Finch,7.0,7.0,Yes
T-0137,2026-01-05,2026-01-12,14/01/2026,Marco L.,Customer Success,Medium,Done,Northstar Labs,15.0,4.0,No
T-0138,2026-02-05,2026-02-11,09/02/2026,Sam N.,Implementation,High,Completed,Northstar Labs,15.0,19.0,No
T-0139,2026-02-13,2026-02-19,18/02/2026,Theo R.,Operations,High,DONE,Northstar Labs,19.0,17.0,No
T-0140,19 Feb 2026,2026-02-26,24/02/2026,  jules m.  ,Implementation,Medium,Done,Blue Orbit,6.0,0.0,No
T-0141,24 Mar 2026,2026-03-25,25/03/2026,Amina K.,Implementation,Medium,Completed,Northstar Labs,17.0,19.0,No
T-0142,21 Mar 2026,2026-08-07,,Priya S.,Implementation,High,Blocked,Blue Orbit,13.0,18.0,No
T-0143,07/02/2026,2026-05-18,,Sam N.,Customer Success,Medium,in-progress,Juniper Works,21.0,9.0,No
T-0144,2026-03-12,2026-03-15,15/03/2026,Sam N.,Operations,Low,done,Northstar Labs,17.0,13.0,Yes
T-0145,05/03/2026,2026-03-11,10/03/2026,Priya S.,Operations,High,done,Cedar & Finch,9.0,16.0,No
T-0146,21 Jan 2026,2026-01-28,27/01/2026,Priya S.,Implementation,Low,done,Cedar & Finch,18.0,4.0,No
T-0147,2026-01-06,2026-05-17,,Sam N.,Implementation,High,blocked,Northstar Labs,14.0,5.0,No
T-0148,05/01/2026,2026-01-07,07/01/2026,Priya S.,Customer Success,High,Completed,Northstar Labs,20.0,13.0,No
T-0149,29 Mar 2026,2026-04-04,29/03/2026,Priya S.,Operations,High,Completed,Northstar Labs,22.0,24.0,No
T-0150,2026-01-08,2026-01-13,12/01/2026,Priya S.,Customer Success,Medium,Done,Cedar & Finch,17.0,10.0,No
T-0151,22/01/2026,2026-01-27,28/01/2026,Theo R.,Implementation,High,done,Blue Orbit,7.0,15.0,No
T-0152,26/03/2026,2026-04-02,29/03/2026,Priya S.,Operations,Medium,Done,Juniper Works,-4.0,4.0,No
T-0153,2026-01-06,2026-01-14,12/01/2026,  priya s.  ,Customer Success,Medium,Done,Juniper Works,15.0,24.0,No
T-0154,16/02/2026,2026-07-18,,Theo R.,Implementation,Medium,blocked,Northstar Labs,13.0,4.0,No
T-0155,12 Jan 2026,2026-05-20,,Priya S.,Customer Success,Medium,In progress,Juniper Works,-3.0,12.0,No
T-0156,10/02/2026,2026-02-17,15/02/2026,Priya S.,Customer Success,Low,done,Cedar & Finch,19.0,10.0,No
T-0157,13 Mar 2026,2026-08-07,,Marco L.,Operations,Medium,Not started,Cedar & Finch,9.0,8.0,No
T-0158,2026-02-17,2026-05-13,,Priya S.,Operations,Medium,In progress,Northstar Labs,8.0,22.0,No
T-0159,26/02/2026,2026-03-04,04/03/2026,Jules M.,Implementation,High,done,Cedar & Finch,22.0,4.0,No
T-0160,30/01/2026,2026-02-04,04/02/2026,Amina K.,Operations,Medium,done,Juniper Works,4.0,9.0,No
T-0161,25 Mar 2026,2026-04-02,29/03/2026,Priya S.,Operations,High,Completed,Cedar & Finch,17.0,10.0,No
T-0162,24 Feb 2026,2026-06-14,,Sam N.,Implementation,Medium,WIP,Blue Orbit,10.0,3.0,No
T-0163,23/03/2026,2026-03-22,29/03/2026,Amina K.,Implementation,Medium,Done,Northstar Labs,12.0,19.0,No
T-0164,2026-01-09,2026-01-13,11/01/2026,Priya S.,Operations,Low,Done,Cedar & Finch,13.0,22.0,No
T-0165,2026-01-27,2026-02-01,02/02/2026,,Customer Success,Medium,DONE,Northstar Labs,24.0,23.0,No
T-0166,2026-02-09,2026-02-12,11/02/2026,Sam N.,Operations,Medium,done,Northstar Labs,19.0,10.0,No
T-0167,13 Mar 2026,2026-03-14,16/03/2026,Priya S.,Customer Success,High,Completed,Northstar Labs,5.0,15.0,No
T-0168,2026-02-04,2026-07-04,,Marco L.,Operations,Medium,In progress,Blue Orbit,400.0,23.0,Yes
T-0169,29/03/2026,2026-03-30,29/03/2026,Priya S.,Implementation,Low,done,Juniper Works,21.0,2.0,No
T-0170,2026-02-21,2026-03-01,01/03/2026,Priya S.,Implementation,High,Done,Cedar & Finch,17.0,11.0,No
T-0171,2026-03-18,2026-07-12,,Jules M.,Implementation,High,in-progress,Northstar Labs,0.0,-3.0,Yes
T-0172,25/03/2026,2026-03-28,28/03/2026,Priya S.,Customer Success,High,DONE,Blue Orbit,11.0,6.0,No
T-0173,2026-02-27,2026-06-07,,Priya S.,Customer Success,Low,blocked,Juniper Works,22.0,24.0,Yes
T-0174,11 Feb 2026,2026-02-18,21/02/2026,Priya S.,Operations,Medium,Done,Blue Orbit,23.0,400.0,No
T-0175,31 Jan 2026,2026-07-04,,Sam N.,Customer Success,Low,Not started,Northstar Labs,18.0,10.0,No
T-0176,05/03/2026,2026-03-06,06/03/2026,Marco L.,Implementation,Medium,Done,Blue Orbit,15.0,20.0,No
T-0177,09/03/2026,2026-03-16,14/03/2026,Amina K.,Operations,High,Completed,Cedar & Finch,4.0,24.0,No
T-0178,2026-03-22,2026-03-25,28/03/2026,Priya S.,Operations,Medium,done,Cedar & Finch,5.0,23.0,No
T-0179,18/03/2026,2026-08-18,,Priya S.,Customer Success,Medium,Blocked,Northstar Labs,24.0,24.0,No
T-0180,05/03/2026,2026-07-21,,Priya S.,Implementation,High,blocked,Cedar & Finch,8.0,22.0,Yes
T-0181,26 Jan 2026,2026-06-29,,Priya S.,Customer Success,High,WIP,Northstar Labs,14.0,8.0,No
T-0182,31/02/2026,2026-01-16,15/01/2026,Priya S.,Implementation,Low,DONE,Blue Orbit,17.0,9.0,No
T-0183,08/01/2026,2026-01-13,11/01/2026,Priya S.,Implementation,High,Done,Juniper Works,24.0,4.0,No
T-0184,2026-02-20,2026-02-24,27/02/2026,Amina K.,Implementation,High,done,Northstar Labs,16.0,12.0,No
T-0185,2026-01-11,2026-01-18,17/01/2026,Amina K.,Operations,High,DONE,Juniper Works,14.0,10.0,Yes
T-0186,2026-03-03,2026-03-06,07/03/2026,Priya S.,Implementation,High,Completed,Juniper Works,12.0,20.0,Yes
T-0187,04/02/2026,2026-06-06,,Theo R.,Operations,Low,WIP,Cedar & Finch,12.0,20.0,No
T-0188,2026-03-28,2026-07-10,,Jules M.,Customer Success,Medium,In progress,Juniper Works,6.0,10.0,No
T-0189,14/01/2026,2026-01-17,17/01/2026,Marco L.,Customer Success,Medium,Done,Northstar Labs,3.0,7.0,No
T-0190,03 Feb 2026,2026-05-15,,Jules M.,Operations,Medium,Not started,Cedar & Finch,8.0,3.0,No
T-0191,07/02/2026,2026-06-10,,Priya S.,Customer Success,Medium,in-progress,Juniper Works,4.0,6.0,No
T-0192,23 Feb 2026,2026-06-06,,Marco L.,Operations,Medium,in-progress,Cedar & Finch,11.0,17.0,No
T-0193,21 Feb 2026,2026-02-24,23/02/2026,Amina K.,Operations,High,DONE,Juniper Works,7.0,3.0,No
T-0194,20 Jan 2026,2026-01-24,24/01/2026,Marco L.,Operations,Low,Completed,Northstar Labs,17.0,13.0,No
T-0195,20/02/2026,2026-02-22,23/02/2026,Priya S.,Customer Success,Low,done,Juniper Works,0.0,21.0,No
T-0196,13/03/2026,2026-08-03,,,Operations,High,WIP,Blue Orbit,6.0,14.0,No
T-0197,09 Feb 2026,2026-02-17,14/02/2026,Priya S.,Customer Success,Medium,DONE,Juniper Works,6.0,6.0,No
T-0198,05/01/2026,2026-01-10,10/01/2026,Jules M.,Operations,Low,DONE,Blue Orbit,12.0,17.0,Yes
T-0199,30/01/2026,2026-01-31,31/01/2026,Priya S.,Customer Success,Medium,Completed,Blue Orbit,-1.0,19.0,No
T-0200,19/02/2026,2026-02-20,19/02/2026,Priya S.,Implementation,High,Done,Blue Orbit,15.0,23.0,No
T-0201,06/01/2026,2026-01-11,10/01/2026,Amina K.,Operations,Low,Completed,Cedar & Finch,16.0,3.0,No
T-0202,2026-01-23,2026-01-24,22/01/2026,,Customer Success,High,DONE,Northstar Labs,13.0,8.0,No
T-0203,27/03/2026,2026-09-02,,Marco L.,Customer Success,High,blocked,Northstar Labs,4.0,7.0,No
T-0204,11 Mar 2026,2026-03-16,18/03/2026,Theo R.,Operations,Medium,DONE,Blue Orbit,19.0,6.0,No
T-0205,10 Jan 2026,2026-01-13,13/01/2026,Theo R.,Customer Success,Medium,done,Blue Orbit,6.0,19.0,No
T-0206,19 Feb 2026,2026-02-26,24/02/2026,Sam N.,Operations,Medium,Done,Juniper Works,2.0,2.0,No
T-0207,20/01/2026,2026-01-21,22/01/2026,Marco L.,Operations,Medium,done,Blue Orbit,11.0,2.0,No
T-0208,2026-01-18,2026-01-23,26/01/2026,Sam N.,Operations,Medium,Completed,Cedar & Finch,4.0,10.0,No
T-0209,27 Mar 2026,2026-03-31,29/03/2026,Amina K.,Operations,Low,DONE,Cedar & Finch,4.0,12.0,Yes
T-0210,17/03/2026,2026-03-24,21/03/2026,Priya S.,Customer Success,Low,DONE,Blue Orbit,12.0,10.0,No
T-0211,24/01/2026,2026-01-30,31/01/2026,  priya s.  ,Operations,Medium,Completed,Blue Orbit,5.0,20.0,No
T-0212,2026-02-12,2026-05-15,,Priya S.,Operations,Low,blocked,Northstar Labs,17.0,0.0,No
T-0213,17/01/2026,2026-01-22,22/01/2026,Priya S.,Operations,Low,DONE,Northstar Labs,14.0,6.0,No
T-0214,26 Mar 2026,2026-04-01,29/03/2026,Amina K.,Operations,Low,DONE,Cedar & Finch,22.0,400.0,No
T-0215,11 Jan 2026,2026-06-06,,Marco L.,Operations,Medium,In progress,Blue Orbit,5.0,6.0,No
T-0216,12/03/2026,2026-03-16,16/03/2026,Priya S.,Implementation,Medium,Done,Blue Orbit,9.0,22.0,No
T-0217,31 Jan 2026,2026-02-04,02/02/2026,Theo R.,Implementation,High,Completed,Northstar Labs,11.0,5.0,No
T-0218,2026-02-26,2026-03-02,28/02/2026,,Implementation,High,Completed,Blue Orbit,15.0,16.0,No
T-0219,11 Mar 2026,2026-03-14,13/03/2026,Priya S.,Customer Success,Low,DONE,Cedar & Finch,2.0,20.0,No
T-0220,2026-02-28,2026-06-23,,Jules M.,Customer Success,High,in-progress,Cedar & Finch,16.0,6.0,No
T-0221,2026-01-05,2026-06-07,,Amina K.,Implementation,Medium,blocked,Juniper Works,7.0,4.0,No
T-0222,2026-03-15,2026-03-22,22/03/2026,Jules M.,Customer Success,Medium,Done,Blue Orbit,22.0,3.0,No
T-0223,01 Feb 2026,2026-06-22,,Amina K.,Operations,High,Not started,Cedar & Finch,2.0,23.0,No
T-0224,02 Mar 2026,2026-03-09,08/03/2026,Priya S.,Operations,Medium,done,Cedar & Finch,20.0,12.0,Yes
T-0225,2026-02-20,2026-02-22,25/02/2026,Priya S.,Customer Success,Low,DONE,Northstar Labs,14.0,3.0,No
T-0226,29/01/2026,2026-06-09,,Amina K.,Implementation,High,Not started,Northstar Labs,0.0,8.0,No
T-0227,2026-02-11,2026-02-19,22/02/2026,Sam N.,Operations,High,Completed,Northstar Labs,24.0,7.0,Yes
T-0228,13/03/2026,2026-03-19,17/03/2026,Priya S.,Implementation,Low,Done,Juniper Works,0.0,17.0,No
T-0229,31 Jan 2026,2026-02-08,08/02/2026,Priya S.,Operations,High,Done,Blue Orbit,0.0,13.0,No
T-0230,2026-01-29,2026-02-06,04/02/2026,Jules M.,Operations,High,DONE,Northstar Labs,23.0,0.0,Yes
T-0231,16/01/2026,2026-05-23,,,Implementation,Medium,WIP,Northstar Labs,3.0,9.0,No
T-0232,2026-03-10,2026-03-14,11/03/2026,Marco L.,Operations,Low,Done,Cedar & Finch,10.0,4.0,No
T-0233,2026-03-24,2026-07-27,,Priya S.,Customer Success,High,WIP,Northstar Labs,8.0,20.0,No
T-0234,2026-03-25,2026-03-28,29/03/2026,Priya S.,Customer Success,Medium,done,Juniper Works,5.0,18.0,No
T-0235,05/02/2026,2026-05-07,,Amina K.,Customer Success,Medium,in-progress,Northstar Labs,14.0,20.0,Yes
T-0236,30/01/2026,2026-01-31,01/02/2026,Amina K.,Implementation,High,DONE,Blue Orbit,5.0,11.0,No
T-0237,17/02/2026,2026-06-17,,Priya S.,Operations,Low,WIP,Juniper Works,22.0,24.0,Yes
T-0238,08 Jan 2026,2026-06-12,,Amina K.,Operations,High,Blocked,Cedar & Finch,21.0,4.0,No
T-0239,2026-01-10,2026-01-12,12/01/2026,Jules M.,Operations,Low,DONE,Northstar Labs,13.0,0.0,No
T-0240,21 Jan 2026,2026-04-26,,Theo R.,Operations,Medium,blocked,Blue Orbit,9.0,21.0,No
T-0241,2026-01-28,2026-01-29,30/01/2026,Priya S.,Operations,High,Completed,Cedar & Finch,13.0,21.0,No
T-0242,20/03/2026,2026-03-26,25/03/2026,Marco L.,Implementation,High,DONE,Cedar & Finch,5.0,10.0,Yes
T-0243,01/03/2026,2026-06-28,,Marco L.,Operations,Medium,In progress,Cedar & Finch,23.0,14.0,Yes
T-0244,06/02/2026,2026-02-12,12/02/2026,Priya S.,Customer Success,Low,Done,Cedar & Finch,400.0,3.0,No
T-0245,2026-03-21,2026-03-29,29/03/2026,Amina K.,Customer Success,Medium,Completed,Blue Orbit,400.0,16.0,No
T-0246,02 Mar 2026,2026-05-29,,Priya S.,Implementation,Low,WIP,Blue Orbit,11.0,11.0,No
T-0247,22/03/2026,2026-03-27,29/03/2026,Priya S.,Operations,High,Done,Juniper Works,9.0,-4.0,No
T-0248,09 Jan 2026,2026-01-16,16/01/2026,Priya S.,Operations,Medium,Completed,Northstar Labs,14.0,6.0,No
T-0249,29/01/2026,2026-02-01,29/01/2026,Amina K.,Implementation,Medium,done,Blue Orbit,20.0,13.0,No
T-0250,05 Feb 2026,2026-05-19,,Marco L.,Operations,Medium,WIP,Blue Orbit,14.0,6.0,No
T-0251,10 Mar 2026,2026-03-11,10/03/2026,Priya S.,Implementation,Medium,Completed,Cedar & Finch,16.0,11.0,No
T-0252,02 Feb 2026,2026-05-27,,Amina K.,Customer Success,Medium,In progress,Juniper Works,20.0,7.0,No
T-0253,2026-03-20,2026-03-27,26/03/2026,Priya S.,Customer Success,High,Completed,Juniper Works,21.0,23.0,No
T-0254,09/02/2026,2026-02-11,09/02/2026,Priya S.,Customer Success,High,Done,Juniper Works,20.0,18.0,No
T-0255,14 Jan 2026,2026-01-22,23/01/2026,Jules M.,Implementation,Medium,Completed,Cedar & Finch,21.0,2.0,No
T-0256,2026-02-20,2026-07-21,,Sam N.,Operations,Medium,Blocked,Juniper Works,6.0,7.0,No
T-0257,21 Jan 2026,2026-01-20,23/01/2026,Theo R.,Customer Success,Medium,DONE,Juniper Works,7.0,15.0,No
T-0258,25 Mar 2026,2026-06-17,,Theo R.,Operations,Medium,WIP,Juniper Works,9.0,19.0,No
T-0259,2026-03-04,2026-03-06,06/03/2026,Priya S.,Customer Success,High,Completed,Blue Orbit,2.0,11.0,No
T-0260,20/03/2026,2026-03-22,20/03/2026,Amina K.,Implementation,Medium,done,Juniper Works,24.0,9.0,No
T-0261,20/03/2026,2026-03-28,28/03/2026,Marco L.,Customer Success,High,Completed,Cedar & Finch,11.0,13.0,Yes
T-0262,2026-01-17,2026-01-24,22/01/2026,Priya S.,Implementation,High,DONE,Cedar & Finch,10.0,14.0,Yes
T-0263,2026-02-17,2026-07-21,,Jules M.,Implementation,Medium,Blocked,Cedar & Finch,22.0,9.0,No
T-0264,2026-03-18,2026-03-21,21/03/2026,Priya S.,Operations,Medium,Done,Juniper Works,400.0,22.0,No
T-0265,09 Feb 2026,2026-02-12,12/02/2026,Priya S.,Customer Success,High,Done,Cedar & Finch,20.0,14.0,Yes
T-0266,29 Jan 2026,2026-05-08,,Amina K.,Implementation,Medium,In progress,Blue Orbit,7.0,17.0,No
T-0267,2026-03-22,2026-08-16,,Theo R.,Customer Success,Medium,Not started,Blue Orbit,15.0,13.0,No
T-0268,14/03/2026,2026-08-02,,Jules M.,Implementation,High,Not started,Juniper Works,18.0,24.0,No
T-0269,13 Mar 2026,2026-07-12,,Amina K.,Customer Success,High,in-progress,Juniper Works,15.0,6.0,No
T-0270,2026-02-13,2026-02-16,14/02/2026,Priya S.,Customer Success,High,done,Juniper Works,9.0,400.0,No
T-0271,21 Jan 2026,2026-01-29,27/01/2026,Theo R.,Operations,Medium,DONE,Juniper Works,17.0,20.0,Yes
T-0272,2026-02-14,2026-02-19,16/02/2026,Priya S.,Implementation,Low,done,Northstar Labs,24.0,2.0,No
T-0273,16/01/2026,2026-04-16,,Priya S.,Customer Success,Medium,Blocked,Juniper Works,0.0,2.0,No
T-0274,24/02/2026,2026-03-04,06/03/2026,Marco L.,Implementation,Medium,Completed,Cedar & Finch,5.0,17.0,No
T-0275,2026-02-26,2026-06-07,,Sam N.,Operations,Medium,In progress,Northstar Labs,20.0,11.0,No
T-0276,15/02/2026,2026-02-18,17/02/2026,Amina K.,Operations,Medium,Done,Northstar Labs,10.0,18.0,No
T-0277,29/01/2026,2026-02-02,01/02/2026,Theo R.,Implementation,Medium,done,Blue Orbit,2.0,0.0,No
T-0278,25/01/2026,2026-01-28,28/01/2026,Priya S.,Operations,High,Done,Northstar Labs,12.0,16.0,No
T-0279,2026-01-12,2026-06-12,,Sam N.,Customer Success,Medium,Blocked,Northstar Labs,12.0,11.0,No
T-0280,12/02/2026,2026-05-06,,Priya S.,Operations,Medium,Not started,Cedar & Finch,11.0,7.0,No
T-0281,17/01/2026,2026-01-24,21/01/2026,Jules M.,Customer Success,Low,DONE,Blue Orbit,12.0,23.0,No
T-0282,10/02/2026,2026-02-18,16/02/2026,Marco L.,Operations,Low,done,Blue Orbit,14.0,20.0,Yes
T-0283,26 Feb 2026,2026-07-20,,Priya S.,Operations,High,in-progress,Northstar Labs,4.0,6.0,Yes
T-0284,22/03/2026,2026-03-30,29/03/2026,Priya S.,Customer Success,High,done,Cedar & Finch,18.0,3.0,Yes
T-0285,2026-01-16,2026-01-17,16/01/2026,Marco L.,Customer Success,High,done,Northstar Labs,5.0,18.0,No
T-0286,16/03/2026,2026-03-22,24/03/2026,Marco L.,Operations,High,Completed,Juniper Works,12.0,5.0,No
T-0287,22/03/2026,2026-03-25,22/03/2026,Priya S.,Implementation,Medium,Completed,Juniper Works,2.0,8.0,No
T-0288,29/01/2026,2026-01-31,01/02/2026,Priya S.,Customer Success,High,Completed,Cedar & Finch,-3.0,7.0,No
T-0289,23 Mar 2026,2026-03-25,23/03/2026,Theo R.,Customer Success,Medium,Completed,Blue Orbit,22.0,16.0,No
T-0290,13 Mar 2026,2026-03-17,,Priya S.,Implementation,Medium,Done,Cedar & Finch,21.0,17.0,No
T-0291,24 Feb 2026,2026-05-29,,Marco L.,Operations,High,In progress,Cedar & Finch,17.0,9.0,No
T-0292,15/02/2026,2026-02-20,21/02/2026,Priya S.,Customer Success,Medium,done,Cedar & Finch,20.0,11.0,No
T-0293,12 Jan 2026,2026-01-17,,Priya S.,Operations,Medium,done,Blue Orbit,12.0,22.0,No
T-0294,12 Jan 2026,2026-01-19,18/01/2026,Priya S.,Customer Success,High,DONE,Cedar & Finch,6.0,13.0,No
T-0295,12/02/2026,2026-05-07,,Jules M.,Customer Success,High,blocked,Juniper Works,18.0,16.0,No
T-0296,20/03/2026,2026-03-24,23/03/2026,Jules M.,Customer Success,Low,DONE,Juniper Works,20.0,20.0,No
T-0297,28/02/2026,2026-06-15,,Marco L.,Implementation,Medium,In progress,Northstar Labs,2.0,2.0,No
T-0298,2026-02-19,2026-02-25,23/02/2026,Priya S.,Customer Success,High,Done,Juniper Works,11.0,3.0,Yes
T-0299,05/03/2026,2026-03-08,06/03/2026,,Implementation,High,DONE,Juniper Works,11.0,16.0,No
T-0300,01/02/2026,2026-06-06,,Amina K.,Customer Success,High,In progress,Juniper Works,24.0,9.0,No
T-0301,23 Feb 2026,2026-02-27,01/03/2026,Marco L.,Implementation,High,Completed,Northstar Labs,18.0,4.0,Yes
T-0302,03/03/2026,2026-03-08,08/03/2026,Priya S.,Operations,Low,Done,Cedar & Finch,19.0,7.0,Yes
T-0303,19 Feb 2026,2026-02-20,18/02/2026,  priya s.  ,Implementation,High,done,Blue Orbit,17.0,15.0,No
T-0304,26/03/2026,2026-07-16,,Priya S.,Customer Success,High,blocked,Juniper Works,19.0,16.0,No
T-0305,15/01/2026,2026-04-30,,Priya S.,Operations,Medium,WIP,Juniper Works,2.0,12.0,Yes
T-0306,16 Mar 2026,2026-08-02,,Priya S.,Customer Success,Medium,Not started,Juniper Works,22.0,13.0,No
T-0307,22 Feb 2026,2026-07-23,,Priya S.,Customer Success,Medium,blocked,Northstar Labs,2.0,0.0,Yes
T-0308,23/02/2026,2026-05-31,,Amina K.,Customer Success,High,Not started,Northstar Labs,19.0,15.0,No
T-0309,2026-02-15,2026-02-18,17/02/2026,  priya s.  ,Customer Success,Medium,DONE,Northstar Labs,6.0,9.0,No
T-0310,17 Feb 2026,2026-02-21,20/02/2026,Theo R.,Operations,Low,done,Juniper Works,22.0,14.0,No
T-0311,2026-01-21,2026-06-24,,Sam N.,Implementation,Medium,In progress,Northstar Labs,17.0,0.0,No
T-0312,2026-02-21,2026-02-26,28/02/2026,Sam N.,Implementation,High,DONE,Northstar Labs,18.0,14.0,No
T-0313,23 Feb 2026,2026-07-09,,Theo R.,Customer Success,Low,Not started,Northstar Labs,13.0,24.0,No
T-0314,13 Mar 2026,2026-03-16,18/03/2026,Priya S.,Operations,High,Done,Northstar Labs,13.0,18.0,No
T-0315,11/03/2026,2026-03-18,17/03/2026,Priya S.,Operations,High,Done,Blue Orbit,8.0,8.0,No
T-0316,19 Feb 2026,2026-07-04,,  theo r.  ,Customer Success,High,WIP,Cedar & Finch,20.0,14.0,No
T-0317,2026-03-10,2026-03-16,18/03/2026,,Operations,Medium,DONE,Blue Orbit,0.0,7.0,No
T-0318,20 Jan 2026,2026-01-25,26/01/2026,  priya s.  ,Customer Success,Medium,Done,Northstar Labs,20.0,21.0,No
T-0319,2026-02-18,2026-02-22,23/02/2026,Jules M.,Customer Success,High,Done,Blue Orbit,17.0,10.0,No
T-0320,08/01/2026,2026-01-11,10/01/2026,Priya S.,Operations,Medium,Completed,Northstar Labs,18.0,11.0,No
T-0321,29/03/2026,2026-04-06,29/03/2026,Jules M.,Customer Success,High,Done,Juniper Works,-4.0,13.0,No
T-0322,21 Jan 2026,2026-01-28,28/01/2026,Jules M.,Customer Success,Medium,Completed,Juniper Works,19.0,8.0,No
T-0323,2026-03-21,2026-03-29,28/03/2026,,Operations,High,Done,Cedar & Finch,19.0,16.0,No
T-0324,08/02/2026,2026-02-15,14/02/2026,Jules M.,Implementation,Medium,Done,Juniper Works,16.0,11.0,Yes
T-0325,22/01/2026,2026-06-10,,Amina K.,Customer Success,Medium,WIP,Juniper Works,17.0,19.0,No
T-0326,09 Feb 2026,2026-05-11,,  priya s.  ,Implementation,Medium,In progress,Northstar Labs,5.0,10.0,No
T-0327,29/01/2026,2026-04-19,,Priya S.,Implementation,High,in-progress,Juniper Works,11.0,2.0,No
T-0328,25/01/2026,2026-02-02,05/02/2026,Marco L.,Implementation,High,Completed,Juniper Works,20.0,5.0,No
T-0329,2026-01-25,2026-01-31,30/01/2026,Jules M.,Customer Success,Medium,Done,Northstar Labs,3.0,13.0,No
T-0330,22/03/2026,2026-03-26,23/03/2026,Marco L.,Implementation,Medium,done,Cedar & Finch,12.0,16.0,No
T-0331,28/02/2026,2026-03-06,03/03/2026,Jules M.,Operations,Low,done,Cedar & Finch,20.0,9.0,No
T-0332,20/02/2026,2026-07-01,,Priya S.,Operations,High,Blocked,Northstar Labs,12.0,6.0,No
T-0333,2026-02-12,2026-02-19,17/02/2026,Priya S.,Customer Success,Medium,done,Cedar & Finch,0.0,11.0,No
T-0334,2026-03-08,2026-03-12,11/03/2026,Priya S.,Implementation,High,Completed,Blue Orbit,20.0,4.0,No
T-0335,2026-01-30,2026-01-31,28/01/2026,Theo R.,Implementation,Low,Done,Northstar Labs,11.0,12.0,No
T-0336,09/01/2026,2026-01-11,14/01/2026,Sam N.,Operations,High,done,Cedar & Finch,22.0,9.0,No
T-0337,14 Feb 2026,2026-02-16,16/02/2026,Priya S.,Customer Success,Medium,DONE,Juniper Works,21.0,22.0,No
T-0338,11 Mar 2026,2026-03-14,16/03/2026,Priya S.,Customer Success,Medium,Completed,Blue Orbit,11.0,12.0,No
T-0339,2026-03-18,2026-03-20,17/03/2026,Priya S.,Operations,Medium,done,Blue Orbit,14.0,7.0,No
T-0340,2026-01-14,2026-01-16,14/01/2026,Amina K.,Customer Success,Low,DONE,Juniper Works,19.0,2.0,No
T-0341,16/02/2026,2026-02-21,21/02/2026,Priya S.,Customer Success,High,DONE,Cedar & Finch,4.0,6.0,No
T-0342,02 Feb 2026,2026-02-07,07/02/2026,Marco L.,Operations,Low,Completed,Blue Orbit,13.0,14.0,No
T-0343,23/02/2026,2026-02-24,22/02/2026,Priya S.,Customer Success,Medium,Completed,Juniper Works,3.0,7.0,No
T-0344,14/01/2026,2026-01-20,20/01/2026,Priya S.,Implementation,Medium,Done,Juniper Works,2.0,12.0,No
T-0345,19 Feb 2026,2026-02-23,23/02/2026,Priya S.,Implementation,High,done,Blue Orbit,18.0,6.0,No
T-0346,25/02/2026,2026-03-02,02/03/2026,Amina K.,Implementation,High,DONE,Northstar Labs,14.0,8.0,No
T-0347,21 Mar 2026,2026-03-24,23/03/2026,Priya S.,Operations,Low,Done,Northstar Labs,0.0,19.0,No
T-0348,2026-03-20,2026-03-21,22/03/2026,Amina K.,Operations,Medium,done,Juniper Works,10.0,18.0,No
T-0349,15/01/2026,2026-01-20,18/01/2026,Jules M.,Operations,Medium,done,Northstar Labs,22.0,4.0,No
T-0350,11 Feb 2026,2026-06-18,,Marco L.,Customer Success,High,WIP,Juniper Works,22.0,10.0,No
T-0351,2026-02-27,2026-02-28,27/02/2026,Sam N.,Customer Success,Low,Completed,Northstar Labs,14.0,8.0,No
T-0352,23/01/2026,2026-01-29,30/01/2026,Jules M.,Operations,Medium,Completed,Juniper Works,13.0,4.0,No
T-0353,12/01/2026,2026-01-13,13/01/2026,Amina K.,Implementation,Low,done,Blue Orbit,17.0,5.0,No
T-0354,14 Feb 2026,2026-05-28,,Amina K.,Implementation,Medium,in-progress,Juniper Works,16.0,5.0,No
T-0355,2026-02-25,2026-08-03,,Theo R.,Implementation,High,Not started,Blue Orbit,17.0,17.0,No
T-0356,23/01/2026,2026-05-02,,Amina K.,Operations,High,in-progress,Northstar Labs,15.0,7.0,No
T-0357,2026-02-06,2026-02-13,10/02/2026,Jules M.,Implementation,Medium,Done,Northstar Labs,13.0,6.0,No
T-0358,20 Mar 2026,2026-03-22,20/03/2026,Priya S.,Customer Success,High,done,Cedar & Finch,0.0,8.0,No
T-0359,27 Jan 2026,2026-01-30,29/01/2026,Amina K.,Implementation,High,Completed,Blue Orbit,-1.0,17.0,No
T-0360,11 Mar 2026,2026-03-13,13/03/2026,Priya S.,Customer Success,High,Done,Juniper Works,6.0,15.0,No
T-0361,13/02/2026,2026-02-17,16/02/2026,  priya s.  ,Operations,Medium,Completed,Northstar Labs,-3.0,9.0,No
T-0362,2026-03-10,2026-06-12,,Priya S.,Customer Success,Low,In progress,Juniper Works,9.0,24.0,No
T-0363,2026-03-18,2026-03-25,22/03/2026,Marco L.,Customer Success,Medium,DONE,Northstar Labs,14.0,22.0,No
T-0364,29/01/2026,2026-02-01,30/01/2026,Priya S.,Customer Success,Medium,done,Northstar Labs,8.0,11.0,No
T-0365,21/03/2026,2026-03-25,28/03/2026,Priya S.,Operations,High,done,Juniper Works,23.0,20.0,No
T-0366,11 Feb 2026,2026-02-17,16/02/2026,Jules M.,Implementation,Low,Done,Northstar Labs,0.0,21.0,No
T-0367,14 Feb 2026,2026-05-18,,Theo R.,Operations,Medium,in-progress,Cedar & Finch,6.0,15.0,No
T-0368,19/02/2026,2026-02-26,28/02/2026,Marco L.,Operations,Medium,done,Cedar & Finch,6.0,8.0,No
T-0369,2026-02-15,2026-02-22,20/02/2026,Amina K.,Implementation,High,DONE,Juniper Works,7.0,9.0,No
T-0370,14 Feb 2026,2026-02-22,20/02/2026,  priya s.  ,Implementation,Medium,done,Cedar & Finch,9.0,12.0,Yes
T-0371,29 Mar 2026,2026-07-16,,Priya S.,Operations,Medium,WIP,Juniper Works,18.0,-4.0,No
T-0372,09/01/2026,2026-01-13,12/01/2026,Priya S.,Implementation,Medium,Done,Cedar & Finch,9.0,2.0,No
T-0373,17 Feb 2026,2026-02-18,18/02/2026,Marco L.,Operations,High,DONE,Cedar & Finch,24.0,7.0,No
T-0374,2026-02-13,2026-05-09,,Marco L.,Customer Success,High,In progress,Blue Orbit,9.0,11.0,No
T-0375,2026-01-05,2026-01-12,13/01/2026,Marco L.,Implementation,High,Done,Juniper Works,0.0,4.0,No
T-0376,2026-01-21,2026-05-13,,Marco L.,Implementation,Medium,Blocked,Cedar & Finch,4.0,22.0,No
T-0377,08/01/2026,2026-01-15,14/01/2026,Priya S.,Implementation,High,DONE,Cedar & Finch,3.0,10.0,No
T-0378,27 Mar 2026,2026-04-04,29/03/2026,Priya S.,Customer Success,Medium,Completed,Juniper Works,3.0,17.0,No
T-0379,2026-02-04,2026-02-10,12/02/2026,Sam N.,Operations,Medium,Completed,Juniper Works,18.0,20.0,No
T-0380,2026-03-18,2026-03-22,20/03/2026,Theo R.,Implementation,Medium,DONE,Blue Orbit,17.0,21.0,No
T-0381,14/03/2026,2026-03-20,19/03/2026,Priya S.,Implementation,High,done,Cedar & Finch,8.0,8.0,No
T-0382,16 Feb 2026,2026-02-19,22/02/2026,Jules M.,Implementation,Low,Completed,Cedar & Finch,16.0,7.0,No
T-0383,2026-02-28,2026-03-02,28/02/2026,Amina K.,Customer Success,Medium,done,Juniper Works,19.0,18.0,No
T-0384,18 Mar 2026,2026-08-06,,Jules M.,Customer Success,High,blocked,Blue Orbit,6.0,8.0,No
T-0385,2026-02-25,2026-07-19,,Jules M.,Customer Success,Low,In progress,Northstar Labs,22.0,2.0,No
T-0386,2026-03-09,2026-03-15,14/03/2026,Priya S.,Operations,Medium,DONE,Northstar Labs,18.0,23.0,No
T-0387,2026-02-23,2026-06-18,,Sam N.,Customer Success,High,in-progress,Blue Orbit,10.0,8.0,Yes
T-0388,20 Feb 2026,2026-02-22,21/02/2026,Priya S.,Implementation,High,DONE,Cedar & Finch,18.0,4.0,No
T-0389,2026-03-07,2026-03-15,16/03/2026,Priya S.,Customer Success,Medium,Done,Juniper Works,0.0,10.0,No
T-0390,27 Mar 2026,2026-03-28,26/03/2026,Marco L.,Operations,Medium,Completed,Northstar Labs,12.0,6.0,No
T-0391,13 Jan 2026,2026-04-24,,Priya S.,Implementation,Medium,blocked,Northstar Labs,0.0,13.0,No
T-0392,2026-02-26,2026-07-07,,Priya S.,Implementation,High,WIP,Cedar & Finch,400.0,17.0,No
T-0393,16 Jan 2026,2026-01-21,21/01/2026,Amina K.,Operations,Medium,Done,Northstar Labs,14.0,15.0,No
T-0394,11/01/2026,2026-06-11,,Priya S.,Implementation,Low,WIP,Cedar & Finch,22.0,7.0,No
T-0395,28 Jan 2026,2026-02-04,02/02/2026,Priya S.,Implementation,High,done,Northstar Labs,2.0,5.0,Yes
T-0396,2026-02-27,2026-05-26,,Priya S.,Customer Success,Medium,Blocked,Cedar & Finch,16.0,12.0,No
T-0397,07/03/2026,2026-03-09,09/03/2026,Priya S.,Operations,High,Completed,Northstar Labs,11.0,21.0,No
T-0398,28 Feb 2026,2026-07-06,,Marco L.,Operations,Low,In progress,Juniper Works,19.0,17.0,No
T-0399,09 Jan 2026,2026-04-23,,Amina K.,Implementation,Medium,in-progress,Juniper Works,16.0,4.0,No
T-0400,2026-01-25,2026-01-26,,Marco L.,Implementation,High,In progress,Blue Orbit,4.0,24.0,No
T-0401,2026-03-12,2026-07-28,,Marco L.,Customer Success,High,WIP,Blue Orbit,11.0,11.0,No
T-0402,2026-01-06,2026-01-08,07/01/2026,Marco L.,Operations,Low,DONE,Cedar & Finch,14.0,14.0,No
T-0403,25/02/2026,2026-06-08,,Amina K.,Customer Success,High,blocked,Cedar & Finch,24.0,400.0,No
T-0404,2026-02-20,2026-02-25,24/02/2026,Priya S.,Implementation,Medium,Completed,Northstar Labs,19.0,5.0,No
T-0405,2026-02-17,2026-02-22,19/02/2026,Theo R.,Implementation,Medium,Done,Cedar & Finch,20.0,20.0,No
T-0406,2026-03-29,2026-04-01,29/03/2026,Jules M.,Operations,Medium,Done,Blue Orbit,6.0,14.0,Yes
T-0407,06 Jan 2026,2026-01-14,13/01/2026,Amina K.,Customer Success,Medium,DONE,Northstar Labs,21.0,16.0,No
T-0408,31 Jan 2026,2026-06-20,,  marco l.  ,Operations,Medium,Blocked,Blue Orbit,15.0,4.0,Yes
T-0409,22 Jan 2026,2026-05-29,,Jules M.,Implementation,Low,In progress,Blue Orbit,22.0,400.0,No
T-0410,2026-02-21,2026-02-26,25/02/2026,Marco L.,Implementation,Low,Completed,Northstar Labs,11.0,6.0,Yes
T-0411,17/01/2026,2026-01-23,23/01/2026,Jules M.,Implementation,High,Completed,Northstar Labs,9.0,8.0,No
T-0412,07/03/2026,2026-03-15,14/03/2026,Priya S.,Operations,Low,Done,Northstar Labs,9.0,22.0,No
T-0413,2026-01-21,2026-01-28,26/01/2026,Theo R.,Operations,Low,Completed,Blue Orbit,19.0,13.0,No
T-0414,07 Jan 2026,2026-01-13,11/01/2026,Amina K.,Customer Success,Low,DONE,Cedar & Finch,5.0,22.0,Yes
T-0415,23 Jan 2026,2026-04-20,,Sam N.,Implementation,Medium,blocked,Juniper Works,4.0,18.0,No
T-0416,14 Mar 2026,2026-03-16,13/03/2026,Amina K.,Customer Success,Medium,Completed,Blue Orbit,15.0,11.0,No
T-0417,13/03/2026,2026-08-07,,Theo R.,Implementation,Medium,Blocked,Northstar Labs,13.0,18.0,No
T-0418,28/01/2026,2026-06-25,,Priya S.,Implementation,Medium,WIP,Cedar & Finch,18.0,7.0,No
T-0419,07/03/2026,2026-03-09,06/03/2026,Marco L.,Customer Success,Medium,done,Northstar Labs,23.0,9.0,No
T-0420,13/02/2026,2026-02-21,21/02/2026,  jules m.  ,Customer Success,High,Completed,Cedar & Finch,-3.0,20.0,No
T-0421,19/02/2026,2026-02-25,25/02/2026,Priya S.,Operations,High,DONE,Blue Orbit,6.0,6.0,No
T-0422,12/01/2026,2026-01-16,13/01/2026,Priya S.,Operations,Medium,Done,Cedar & Finch,18.0,24.0,No
T-0423,31 Jan 2026,2026-06-07,,  jules m.  ,Operations,High,Not started,Northstar Labs,5.0,21.0,Yes
T-0424,13/03/2026,2026-03-16,16/03/2026,Amina K.,Operations,Medium,Done,Blue Orbit,15.0,4.0,No
T-0425,30 Jan 2026,2026-05-13,,Priya S.,Implementation,Medium,blocked,Blue Orbit,12.0,5.0,Yes
T-0426,16/03/2026,2026-03-21,22/03/2026,Marco L.,Customer Success,High,Completed,Juniper Works,24.0,21.0,No
T-0427,2026-01-18,2026-01-23,23/01/2026,Amina K.,Customer Success,High,Done,Juniper Works,21.0,3.0,Yes
T-0428,18/02/2026,2026-02-19,17/02/2026,Priya S.,Implementation,High,DONE,Cedar & Finch,5.0,8.0,Yes
T-0429,07/02/2026,2026-05-15,,Priya S.,Customer Success,Low,Blocked,Blue Orbit,5.0,14.0,No
T-0430,05 Mar 2026,2026-07-02,,Amina K.,Implementation,Medium,In progress,Northstar Labs,4.0,10.0,No
T-0431,19 Mar 2026,2026-03-24,25/03/2026,Marco L.,Implementation,High,done,Juniper Works,4.0,21.0,No
T-0432,2026-01-08,2026-01-12,12/01/2026,Sam N.,Implementation,High,Done,Juniper Works,16.0,22.0,Yes
T-0433,15 Jan 2026,2026-01-16,18/01/2026,Priya S.,Customer Success,High,Completed,Cedar & Finch,5.0,8.0,Yes
T-0434,14 Feb 2026,2026-02-18,16/02/2026,Priya S.,Operations,Low,Completed,Cedar & Finch,5.0,14.0,Yes
T-0435,11 Jan 2026,2026-06-11,,Priya S.,Operations,Medium,In progress,Northstar Labs,23.0,22.0,Yes
T-0436,2026-01-28,2026-01-29,27/01/2026,Marco L.,Operations,High,Completed,Northstar Labs,400.0,3.0,No
T-0437,23 Feb 2026,2026-07-21,,Amina K.,Implementation,High,Blocked,Cedar & Finch,10.0,6.0,Yes
T-0438,08/01/2026,2026-01-13,12/01/2026,Theo R.,Implementation,Medium,DONE,Blue Orbit,21.0,2.0,Yes
T-0439,2026-02-18,2026-06-16,,,Implementation,High,Blocked,Northstar Labs,400.0,10.0,Yes
T-0440,2026-02-03,2026-02-11,13/02/2026,Priya S.,Implementation,High,done,Blue Orbit,8.0,9.0,No
T-0441,20 Jan 2026,2026-01-27,25/01/2026,Amina K.,Implementation,High,done,Cedar & Finch,18.0,23.0,No
T-0442,2026-03-08,2026-03-13,15/03/2026,Priya S.,Implementation,Medium,done,Juniper Works,23.0,9.0,No
T-0443,28 Feb 2026,2026-08-06,,Priya S.,Customer Success,High,WIP,Juniper Works,14.0,18.0,Yes
T-0444,15 Feb 2026,2026-02-21,18/02/2026,Amina K.,Operations,Low,DONE,Blue Orbit,3.0,21.0,Yes
T-0445,09/02/2026,2026-02-17,15/02/2026,Marco L.,Customer Success,Medium,done,Northstar Labs,8.0,5.0,Yes
T-0446,27/01/2026,2026-05-17,,Priya S.,Customer Success,High,Not started,Juniper Works,10.0,6.0,No
T-0447,19/01/2026,2026-01-26,24/01/2026,Marco L.,Customer Success,Medium,Done,Northstar Labs,24.0,20.0,No
T-0448,10/01/2026,2026-01-18,20/01/2026,Priya S.,Customer Success,Low,DONE,Northstar Labs,7.0,23.0,No
T-0449,03/02/2026,2026-02-06,06/02/2026,Amina K.,Operations,Medium,Done,Cedar & Finch,4.0,22.0,No
T-0450,04 Mar 2026,2026-03-05,2026-03-20,Marco L.,Customer Success,High,Not started,Northstar Labs,0.0,-2.0,No
T-0451,24 Jan 2026,2026-05-21,,Theo R.,Customer Success,High,blocked,Blue Orbit,3.0,10.0,No
T-0452,2026-03-22,2026-03-29,29/03/2026,Priya S.,Customer Success,Low,Done,Blue Orbit,16.0,15.0,Yes
T-0453,09 Jan 2026,2026-01-15,16/01/2026,Sam N.,Implementation,Low,Done,Cedar & Finch,21.0,10.0,No
T-0454,24 Mar 2026,2026-07-12,,Jules M.,Operations,Medium,in-progress,Blue Orbit,6.0,3.0,No
T-0455,21/03/2026,2026-03-24,26/03/2026,Jules M.,Implementation,Medium,DONE,Juniper Works,18.0,22.0,No
T-0456,19/02/2026,2026-06-10,,Priya S.,Customer Success,Medium,Blocked,Cedar & Finch,11.0,21.0,No
T-0457,2026-03-26,2026-07-03,,Marco L.,Implementation,High,Not started,Juniper Works,400.0,6.0,No
T-0458,2026-01-28,2026-02-04,02/02/2026,Jules M.,Operations,Low,done,Juniper Works,6.0,22.0,No
T-0459,2026-03-25,2026-03-27,24/03/2026,Theo R.,Operations,Medium,Done,Northstar Labs,14.0,20.0,No
T-0460,06 Jan 2026,2026-04-12,,  priya s.  ,Operations,Medium,in-progress,Northstar Labs,13.0,23.0,No
T-0461,09 Feb 2026,2026-02-14,13/02/2026,,Operations,Medium,Completed,Juniper Works,7.0,11.0,No
T-0462,04 Feb 2026,2026-02-10,08/02/2026,Priya S.,Implementation,Low,Done,Juniper Works,18.0,22.0,No
T-0463,2026-01-20,2026-06-10,,Priya S.,Implementation,Medium,blocked,Juniper Works,24.0,19.0,No
T-0464,2026-02-22,2026-06-03,,Jules M.,Customer Success,Medium,in-progress,Juniper Works,20.0,21.0,No
T-0465,27 Mar 2026,2026-07-19,,Priya S.,Implementation,High,In progress,Juniper Works,20.0,18.0,No
T-0466,2026-01-29,2026-02-04,03/02/2026,,Customer Success,Low,Done,Blue Orbit,7.0,12.0,No
T-0467,2026-03-17,2026-06-08,,Priya S.,Implementation,Low,Blocked,Northstar Labs,2.0,5.0,No
T-0468,2026-01-16,2026-01-19,17/01/2026,Marco L.,Operations,Medium,DONE,Northstar Labs,5.0,24.0,Yes
T-0469,2026-02-18,2026-05-13,,Priya S.,Operations,Low,in-progress,Northstar Labs,23.0,19.0,No
T-0470,2026-03-27,2026-03-28,27/03/2026,Priya S.,Customer Success,Low,done,Cedar & Finch,23.0,3.0,No
T-0471,20 Mar 2026,2026-03-24,26/03/2026,Sam N.,Implementation,High,Completed,Cedar & Finch,19.0,13.0,No
T-0472,2026-03-08,2026-03-10,09/03/2026,Theo R.,Operations,Medium,DONE,Cedar & Finch,23.0,15.0,No
T-0473,12 Feb 2026,2026-06-13,,Amina K.,Operations,Low,In progress,Cedar & Finch,19.0,10.0,No
T-0474,15/01/2026,2026-01-19,17/01/2026,Priya S.,Operations,High,Done,Cedar & Finch,9.0,2.0,Yes
T-0475,2026-02-17,2026-02-19,22/02/2026,Priya S.,Operations,High,Completed,Juniper Works,0.0,16.0,No
T-0476,20 Feb 2026,2026-06-30,,Marco L.,Operations,High,Blocked,Cedar & Finch,22.0,9.0,Yes
T-0477,07 Mar 2026,2026-03-13,14/03/2026,Priya S.,Customer Success,High,DONE,Blue Orbit,3.0,16.0,No
T-0478,25 Mar 2026,2026-07-16,,Jules M.,Implementation,Medium,Blocked,Cedar & Finch,9.0,20.0,No
T-0479,21/03/2026,2026-03-26,25/03/2026,Priya S.,Operations,Medium,DONE,Juniper Works,-3.0,15.0,No
T-0480,10/01/2026,2026-01-18,17/01/2026,Marco L.,Operations,High,Done,Cedar & Finch,14.0,10.0,No
T-0481,09/02/2026,2026-02-11,09/02/2026,Priya S.,Customer Success,Medium,Completed,Northstar Labs,24.0,15.0,No
T-0482,31/02/2026,2026-07-08,,Jules M.,Operations,High,In progress,Northstar Labs,19.0,11.0,No
T-0483,2026-01-07,2026-01-14,13/01/2026,Marco L.,Implementation,High,Done,Blue Orbit,20.0,5.0,No
T-0484,2026-02-04,2026-02-05,08/02/2026,Priya S.,Customer Success,Medium,done,Cedar & Finch,4.0,6.0,No
T-0485,2026-03-01,2026-03-08,06/03/2026,Priya S.,Implementation,Medium,done,Blue Orbit,11.0,17.0,No
T-0486,05/02/2026,2026-02-08,08/02/2026,Sam N.,Customer Success,Low,Done,Blue Orbit,12.0,6.0,No
T-0487,07 Jan 2026,2026-01-13,10/01/2026,Amina K.,Customer Success,Medium,DONE,Blue Orbit,12.0,3.0,No
T-0488,22/01/2026,2026-01-27,29/01/2026,Amina K.,Operations,Medium,Done,Juniper Works,11.0,19.0,No
T-0489,21/03/2026,2026-03-24,,Priya S.,Implementation,High,Done,Juniper Works,13.0,10.0,No
T-0490,09/02/2026,2026-02-10,09/02/2026,Theo R.,Implementation,Medium,DONE,Northstar Labs,16.0,8.0,Yes
T-0491,2026-01-23,2026-04-20,,Priya S.,Customer Success,Low,blocked,Juniper Works,18.0,15.0,No
T-0492,2026-03-18,2026-03-20,20/03/2026,Priya S.,Operations,Medium,done,Cedar & Finch,7.0,10.0,No
T-0493,2026-01-28,2026-02-03,02/02/2026,Marco L.,Implementation,Medium,done,Cedar & Finch,17.0,23.0,No
T-0494,23/03/2026,2026-03-27,27/03/2026,Sam N.,Customer Success,High,done,Cedar & Finch,23.0,8.0,Yes
T-0495,10/03/2026,2026-03-18,21/03/2026,Sam N.,Customer Success,High,Completed,Juniper Works,15.0,3.0,No
T-0496,2026-03-14,2026-03-20,19/03/2026,Theo R.,Implementation,Low,done,Blue Orbit,17.0,4.0,No
T-0497,17/01/2026,2026-01-20,22/01/2026,Jules M.,Operations,Medium,DONE,Blue Orbit,7.0,24.0,No
T-0498,09 Jan 2026,2026-01-10,08/01/2026,Marco L.,Implementation,Low,DONE,Blue Orbit,18.0,21.0,No
T-0499,22/03/2026,2026-07-14,,Marco L.,Customer Success,Medium,WIP,Northstar Labs,18.0,8.0,No
T-0500,11/02/2026,2026-02-16,18/02/2026,Marco L.,Implementation,High,Done,Northstar Labs,15.0,8.0,No
T-0501,2026-03-17,2026-07-21,,Theo R.,Operations,Medium,Blocked,Blue Orbit,8.0,400.0,Yes
T-0502,05/01/2026,2026-01-12,12/01/2026,Theo R.,Customer Success,Low,done,Northstar Labs,11.0,19.0,No
T-0503,21/02/2026,2026-02-24,21/02/2026,,Customer Success,Low,done,Blue Orbit,19.0,7.0,Yes
T-0504,05 Jan 2026,2026-04-22,,Priya S.,Operations,Low,Blocked,Blue Orbit,17.0,16.0,No
T-0505,2026-01-22,2026-01-24,22/01/2026,Jules M.,Implementation,High,Done,Juniper Works,11.0,3.0,No
T-0506,25 Mar 2026,2026-04-02,29/03/2026,Priya S.,Customer Success,Medium,done,Cedar & Finch,9.0,21.0,No
T-0507,08/02/2026,2026-02-12,11/02/2026,Amina K.,Operations,High,Done,Cedar & Finch,4.0,17.0,No
T-0508,2026-02-18,2026-05-18,,Theo R.,Implementation,High,WIP,Northstar Labs,23.0,16.0,No
T-0509,2026-02-01,2026-02-06,06/02/2026,Amina K.,Implementation,Medium,done,Cedar & Finch,3.0,0.0,No
T-0510,13/03/2026,2026-03-14,14/03/2026,Priya S.,Implementation,High,done,Juniper Works,15.0,3.0,No
T-0511,25/02/2026,2026-03-03,02/03/2026,Sam N.,Implementation,Medium,done,Juniper Works,2.0,20.0,No
T-0512,26 Mar 2026,2026-03-30,28/03/2026,Priya S.,Operations,Medium,Completed,Juniper Works,17.0,9.0,Yes
T-0513,14 Mar 2026,2026-03-21,19/03/2026,Marco L.,Customer Success,Medium,done,Juniper Works,15.0,5.0,No
T-0514,2026-02-10,2026-02-14,,Sam N.,Operations,High,done,Blue Orbit,20.0,12.0,No
T-0515,17/01/2026,2026-01-18,21/01/2026,Jules M.,Operations,Medium,Done,Northstar Labs,24.0,10.0,No
T-0516,24 Mar 2026,2026-03-30,29/03/2026,Marco L.,Operations,High,DONE,Blue Orbit,8.0,11.0,No
T-0517,14 Jan 2026,2026-01-22,22/01/2026,Marco L.,Implementation,High,DONE,Blue Orbit,11.0,24.0,No
T-0518,31/02/2026,2026-05-27,,Priya S.,Implementation,High,Not started,Northstar Labs,6.0,18.0,No
T-0519,17 Mar 2026,2026-03-19,18/03/2026,Amina K.,Implementation,Low,Done,Blue Orbit,10.0,10.0,No
T-0520,13/02/2026,2026-02-21,18/02/2026,Theo R.,Implementation,Low,DONE,Blue Orbit,6.0,10.0,Yes
T-0521,2026-01-29,2026-05-28,,  marco l.  ,Customer Success,Low,WIP,Cedar & Finch,400.0,21.0,No
T-0522,2026-03-17,2026-03-25,22/03/2026,Theo R.,Operations,Low,Completed,Blue Orbit,12.0,19.0,Yes
T-0523,13/01/2026,2026-04-12,,Priya S.,Implementation,Low,Not started,Blue Orbit,20.0,5.0,Yes
T-0524,2026-03-06,2026-03-13,12/03/2026,Marco L.,Customer Success,Medium,Completed,Northstar Labs,20.0,20.0,No
T-0525,02 Feb 2026,2026-02-07,04/02/2026,Sam N.,Implementation,Medium,done,Juniper Works,-3.0,2.0,No
T-0526,03 Mar 2026,2026-03-09,07/03/2026,Jules M.,Customer Success,Medium,Completed,Northstar Labs,23.0,22.0,No
T-0527,12/01/2026,2026-04-06,,Marco L.,Operations,High,Blocked,Blue Orbit,9.0,-1.0,No
T-0528,2026-03-23,2026-06-22,,Amina K.,Operations,Medium,WIP,Juniper Works,10.0,20.0,No
T-0529,22/01/2026,2026-01-23,23/01/2026,Theo R.,Customer Success,Low,Completed,Blue Orbit,24.0,24.0,No
T-0530,2026-02-06,2026-02-08,08/02/2026,Priya S.,Implementation,High,Completed,Juniper Works,6.0,2.0,No
T-0531,19 Mar 2026,2026-08-08,,Priya S.,Customer Success,High,WIP,Juniper Works,20.0,2.0,No
T-0532,28/02/2026,2026-03-02,01/03/2026,Theo R.,Operations,Medium,Completed,Northstar Labs,6.0,4.0,No
T-0533,2026-01-27,2026-04-30,,Jules M.,Customer Success,High,blocked,Cedar & Finch,16.0,0.0,Yes
T-0534,11/02/2026,2026-02-10,,Priya S.,Customer Success,High,WIP,Cedar & Finch,18.0,15.0,No
T-0535,2026-02-25,2026-06-25,,Theo R.,Customer Success,Medium,blocked,Juniper Works,18.0,19.0,No
T-0536,02/02/2026,2026-02-09,08/02/2026,Theo R.,Customer Success,High,Completed,Cedar & Finch,6.0,2.0,No
T-0537,2026-02-08,2026-05-29,2026-03-20,,Implementation,Medium,In progress,Cedar & Finch,8.0,0.0,No
T-0538,23 Mar 2026,2026-07-07,,  amina k.  ,Customer Success,Low,In progress,Blue Orbit,15.0,6.0,No
T-0539,06 Mar 2026,2026-03-08,07/03/2026,Priya S.,Customer Success,Medium,Completed,Blue Orbit,3.0,22.0,Yes
T-0540,2026-01-08,2026-01-11,08/01/2026,Theo R.,Customer Success,Medium,done,Blue Orbit,18.0,4.0,No
T-0541,10/01/2026,2026-04-10,,Sam N.,Customer Success,Medium,Not started,Cedar & Finch,12.0,14.0,Yes
T-0542,09 Jan 2026,2026-01-15,13/01/2026,Amina K.,Implementation,Low,Done,Northstar Labs,16.0,21.0,Yes
T-0543,2026-01-26,2026-04-18,,Jules M.,Operations,High,WIP,Juniper Works,15.0,3.0,No
T-0544,27 Mar 2026,2026-03-29,27/03/2026,Priya S.,Customer Success,High,Done,Cedar & Finch,2.0,5.0,No
T-0545,2026-02-13,2026-06-22,,Priya S.,Customer Success,Low,Not started,Cedar & Finch,2.0,24.0,No
T-0546,16/02/2026,2026-02-20,18/02/2026,Theo R.,Operations,Medium,Completed,Blue Orbit,8.0,11.0,No
T-0547,08/03/2026,2026-06-04,,Priya S.,Customer Success,High,Not started,Blue Orbit,23.0,3.0,No
T-0548,06 Mar 2026,2026-03-12,11/03/2026,Marco L.,Implementation,High,DONE,Northstar Labs,3.0,9.0,Yes
T-0549,2026-01-28,2026-01-27,,Marco L.,Operations,High,WIP,Cedar & Finch,6.0,20.0,No
T-0550,17 Feb 2026,2026-05-19,,Theo R.,Implementation,Medium,Not started,Blue Orbit,14.0,24.0,No
T-0551,02 Feb 2026,2026-07-05,,Sam N.,Customer Success,High,Blocked,Cedar & Finch,20.0,2.0,No
T-0552,04 Mar 2026,2026-03-09,11/03/2026,Priya S.,Operations,High,done,Northstar Labs,6.0,4.0,No
T-0553,2026-02-22,2026-02-24,21/02/2026,Priya S.,Operations,Medium,DONE,Juniper Works,18.0,11.0,No
T-0554,06 Jan 2026,2026-01-10,07/01/2026,Priya S.,Customer Success,Medium,Completed,Cedar & Finch,22.0,4.0,No
T-0555,17/01/2026,2026-01-18,18/01/2026,Theo R.,Implementation,High,done,Blue Orbit,14.0,13.0,No
T-0556,20/03/2026,2026-03-21,19/03/2026,Jules M.,Operations,Medium,DONE,Blue Orbit,23.0,11.0,No
T-0557,08/01/2026,2026-04-18,,  amina k.  ,Operations,Medium,Blocked,Northstar Labs,8.0,24.0,Yes
T-0558,2026-01-16,2026-01-20,17/01/2026,Priya S.,Customer Success,Medium,Completed,Juniper Works,11.0,13.0,No
T-0559,2026-03-29,2026-04-01,29/03/2026,Priya S.,Customer Success,Medium,Completed,Northstar Labs,3.0,7.0,No
T-0560,30 Jan 2026,2026-01-31,28/01/2026,Theo R.,Implementation,Medium,Completed,Blue Orbit,-4.0,5.0,No
T-0561,29 Jan 2026,2026-02-01,01/02/2026,Amina K.,Implementation,Medium,done,Cedar & Finch,15.0,24.0,No
T-0562,16 Jan 2026,2026-04-13,,Amina K.,Implementation,Low,in-progress,Cedar & Finch,9.0,19.0,Yes
T-0563,2026-01-29,2026-01-30,01/02/2026,Priya S.,Operations,High,DONE,Juniper Works,6.0,15.0,No
T-0564,11 Mar 2026,2026-03-15,,Priya S.,Customer Success,Low,in-progress,Blue Orbit,9.0,2.0,Yes
T-0565,2026-03-08,2026-03-12,14/03/2026,Amina K.,Operations,High,Done,Cedar & Finch,4.0,0.0,No
T-0566,12/01/2026,2026-01-14,12/01/2026,Marco L.,Customer Success,Medium,done,Blue Orbit,17.0,20.0,Yes
T-0567,15/03/2026,2026-03-20,19/03/2026,Sam N.,Implementation,High,DONE,Juniper Works,17.0,5.0,No
T-0568,04/03/2026,2026-07-05,,Jules M.,Operations,Low,blocked,Juniper Works,3.0,23.0,No
T-0569,2026-01-27,2026-02-02,30/01/2026,Priya S.,Operations,Medium,Done,Northstar Labs,14.0,19.0,No
T-0570,24/03/2026,2026-06-22,,Sam N.,Operations,Medium,in-progress,Juniper Works,7.0,17.0,Yes
T-0571,28 Feb 2026,2026-06-13,,Priya S.,Implementation,Medium,WIP,Blue Orbit,23.0,5.0,No
T-0572,09/03/2026,2026-03-11,11/03/2026,Theo R.,Implementation,High,Done,Cedar & Finch,2.0,11.0,No
T-0573,15 Feb 2026,2026-06-28,,Amina K.,Customer Success,Low,blocked,Northstar Labs,23.0,9.0,No
T-0574,02 Feb 2026,2026-02-10,07/02/2026,  priya s.  ,Customer Success,Medium,DONE,Juniper Works,22.0,7.0,No
T-0575,2026-02-01,2026-02-04,06/02/2026,Theo R.,Operations,Medium,Done,Juniper Works,7.0,15.0,No
T-0576,10 Feb 2026,2026-02-16,16/02/2026,Amina K.,Implementation,Medium,Completed,Juniper Works,15.0,0.0,No
T-0577,15/02/2026,2026-02-16,14/02/2026,Marco L.,Implementation,Low,Done,Juniper Works,7.0,24.0,No
T-0578,08/02/2026,2026-06-15,,Priya S.,Implementation,Medium,Not started,Cedar & Finch,5.0,7.0,No
T-0579,23/03/2026,2026-03-26,26/03/2026,Marco L.,Implementation,Medium,Done,Northstar Labs,4.0,0.0,No
T-0580,01/03/2026,2026-07-21,,Theo R.,Implementation,High,in-progress,Northstar Labs,4.0,5.0,No
T-0581,22 Mar 2026,2026-07-08,,Sam N.,Customer Success,High,WIP,Northstar Labs,12.0,7.0,No
T-0582,28/03/2026,2026-03-31,29/03/2026,Amina K.,Customer Success,Medium,DONE,Blue Orbit,23.0,7.0,No
T-0583,27 Mar 2026,2026-04-04,29/03/2026,Amina K.,Operations,Medium,Completed,Juniper Works,11.0,2.0,No
T-0584,2026-01-07,2026-01-14,11/01/2026,Priya S.,Implementation,Medium,done,Northstar Labs,8.0,23.0,No
T-0585,16/03/2026,2026-03-21,18/03/2026,Sam N.,Customer Success,Medium,DONE,Blue Orbit,16.0,17.0,No
T-0586,2026-01-27,2026-02-02,02/02/2026,Priya S.,Implementation,Medium,Completed,Juniper Works,6.0,6.0,No
T-0587,23/01/2026,2026-01-26,26/01/2026,Priya S.,Customer Success,Medium,Completed,Juniper Works,13.0,13.0,No
T-0588,28 Mar 2026,2026-08-13,,Priya S.,Operations,High,Not started,Blue Orbit,0.0,16.0,No
T-0589,2026-03-01,2026-07-10,,Marco L.,Implementation,Medium,WIP,Juniper Works,7.0,400.0,No
T-0590,14/01/2026,2026-01-21,18/01/2026,Priya S.,Operations,Low,Completed,Northstar Labs,23.0,12.0,No
T-0591,01/03/2026,2026-06-15,,Amina K.,Operations,Medium,In progress,Juniper Works,13.0,8.0,No
T-0592,2026-02-10,2026-02-11,09/02/2026,Theo R.,Customer Success,High,Done,Juniper Works,5.0,15.0,No
T-0593,2026-02-18,2026-06-25,,Sam N.,Operations,High,WIP,Juniper Works,24.0,10.0,No
T-0594,2026-03-17,2026-03-23,23/03/2026,Marco L.,Operations,Medium,Completed,Cedar & Finch,9.0,16.0,No
T-0595,2026-01-07,2026-05-27,,Amina K.,Customer Success,High,Not started,Juniper Works,2.0,0.0,No
T-0596,2026-03-08,2026-06-05,,Amina K.,Operations,Medium,in-progress,Juniper Works,8.0,-2.0,No
T-0597,2026-01-21,2026-01-28,30/01/2026,Marco L.,Customer Success,Low,Completed,Blue Orbit,19.0,6.0,No
T-0598,2026-03-11,2026-03-17,16/03/2026,Amina K.,Customer Success,Medium,Done,Cedar & Finch,11.0,18.0,No
T-0599,05/03/2026,2026-03-11,12/03/2026,Priya S.,Implementation,Medium,Completed,Northstar Labs,19.0,6.0,Yes
T-0600,2026-03-04,2026-03-10,10/03/2026,Priya S.,Operations,High,Completed,Cedar & Finch,9.0,19.0,No
T-0601,10 Feb 2026,2026-02-15,14/02/2026,Theo R.,Operations,Medium,Done,Blue Orbit,4.0,15.0,No
T-0602,19/01/2026,2026-01-24,23/01/2026,Marco L.,Implementation,Medium,Completed,Juniper Works,400.0,17.0,No
T-0603,21 Mar 2026,2026-03-26,25/03/2026,Theo R.,Operations,Medium,DONE,Blue Orbit,23.0,23.0,No
T-0604,25/02/2026,2026-05-30,,Priya S.,Operations,High,Blocked,Blue Orbit,9.0,5.0,No
T-0605,17 Feb 2026,2026-02-18,20/02/2026,Amina K.,Operations,Low,Done,Northstar Labs,22.0,11.0,No
T-0606,2026-03-04,2026-03-11,12/03/2026,Amina K.,Operations,High,Completed,Juniper Works,11.0,24.0,No
T-0607,16/02/2026,2026-05-09,,Amina K.,Operations,Low,Blocked,Blue Orbit,23.0,2.0,No
T-0608,2026-03-11,2026-03-12,,Priya S.,Implementation,Medium,blocked,Northstar Labs,8.0,4.0,No
T-0609,12/03/2026,2026-06-23,,Amina K.,Customer Success,Medium,Blocked,Blue Orbit,20.0,22.0,No
T-0610,18 Jan 2026,2026-01-19,19/01/2026,Amina K.,Customer Success,Medium,Completed,Juniper Works,5.0,7.0,No
T-0611,29 Jan 2026,2026-06-08,,Priya S.,Customer Success,Medium,Blocked,Cedar & Finch,23.0,18.0,Yes
T-0612,2026-01-10,2026-05-18,,Priya S.,Operations,Low,Not started,Juniper Works,16.0,20.0,Yes
T-0613,13/01/2026,2026-01-16,16/01/2026,Marco L.,Customer Success,High,done,Blue Orbit,9.0,9.0,No
T-0614,20/02/2026,2026-02-26,24/02/2026,Jules M.,Customer Success,Medium,done,Cedar & Finch,8.0,14.0,No
T-0615,2026-03-26,2026-08-29,,Priya S.,Customer Success,Medium,WIP,Northstar Labs,0.0,20.0,No
T-0616,12/01/2026,2026-01-17,17/01/2026,Priya S.,Implementation,Medium,done,Cedar & Finch,2.0,-3.0,Yes
T-0617,11 Feb 2026,2026-02-17,15/02/2026,Marco L.,Operations,Medium,Completed,Northstar Labs,12.0,17.0,No
T-0618,2026-03-08,2026-07-18,,Priya S.,Implementation,High,In progress,Northstar Labs,21.0,6.0,No
T-0619,27/02/2026,2026-03-06,04/03/2026,Priya S.,Operations,High,DONE,Northstar Labs,10.0,2.0,No
T-0620,14/02/2026,2026-02-16,14/02/2026,Priya S.,Customer Success,Medium,done,Northstar Labs,16.0,17.0,No
T-0621,27 Feb 2026,2026-03-01,27/02/2026,Priya S.,Implementation,Low,Completed,Cedar & Finch,9.0,8.0,Yes
T-0622,2026-03-26,2026-08-01,,Priya S.,Implementation,Medium,Blocked,Northstar Labs,10.0,4.0,No
T-0623,06 Mar 2026,2026-03-11,11/03/2026,Priya S.,Customer Success,High,DONE,Blue Orbit,5.0,2.0,Yes
T-0624,30/01/2026,2026-02-01,29/01/2026,Priya S.,Customer Success,Medium,Done,Northstar Labs,13.0,6.0,Yes
T-0625,2026-02-12,2026-02-17,20/02/2026,,Operations,High,Done,Blue Orbit,0.0,15.0,Yes
T-0626,14/02/2026,2026-06-09,,Sam N.,Customer Success,Medium,in-progress,Cedar & Finch,23.0,2.0,No
T-0627,28/03/2026,2026-03-31,29/03/2026,Priya S.,Implementation,High,Completed,Blue Orbit,16.0,18.0,No
T-0628,2026-01-10,2026-04-16,2026-03-20,Priya S.,Implementation,Medium,WIP,Blue Orbit,21.0,7.0,Yes
T-0629,10 Mar 2026,2026-03-14,14/03/2026,Marco L.,Operations,Medium,DONE,Blue Orbit,24.0,13.0,No
T-0630,19/02/2026,2026-06-11,,Sam N.,Customer Success,Medium,In progress,Cedar & Finch,5.0,3.0,No
T-0631,2026-03-15,2026-03-21,19/03/2026,Marco L.,Implementation,Low,DONE,Northstar Labs,15.0,23.0,No
T-0632,2026-02-07,2026-02-14,14/02/2026,Theo R.,Customer Success,Medium,Done,Juniper Works,22.0,10.0,No
T-0633,24 Jan 2026,2026-01-28,28/01/2026,Jules M.,Operations,Low,Done,Northstar Labs,18.0,18.0,No
T-0634,16/02/2026,2026-02-17,15/02/2026,Priya S.,Operations,Medium,done,Juniper Works,18.0,22.0,No
T-0635,07 Mar 2026,2026-06-10,,Priya S.,Implementation,Medium,in-progress,Cedar & Finch,5.0,2.0,No
T-0636,17 Feb 2026,2026-06-17,,Priya S.,Operations,Medium,WIP,Northstar Labs,12.0,5.0,No
T-0637,02 Feb 2026,2026-05-20,,Amina K.,Operations,High,In progress,Blue Orbit,0.0,13.0,No
T-0638,10 Jan 2026,2026-05-27,,Priya S.,Operations,High,blocked,Northstar Labs,14.0,8.0,No
T-0639,20 Jan 2026,2026-04-29,,Theo R.,Customer Success,High,blocked,Juniper Works,8.0,13.0,No
T-0640,13 Feb 2026,2026-07-03,,  theo r.  ,Implementation,High,Blocked,Juniper Works,16.0,12.0,No
T-0641,2026-02-08,2026-02-13,13/02/2026,,Operations,High,DONE,Cedar & Finch,8.0,23.0,No
T-0642,11 Jan 2026,2026-01-19,18/01/2026,Priya S.,Customer Success,Medium,Completed,Northstar Labs,6.0,24.0,No
T-0643,05 Mar 2026,2026-03-13,11/03/2026,Marco L.,Customer Success,Medium,Done,Cedar & Finch,11.0,9.0,No
T-0644,22 Mar 2026,2026-03-29,29/03/2026,Jules M.,Implementation,High,Completed,Cedar & Finch,21.0,15.0,No
T-0645,2026-02-26,2026-02-27,25/02/2026,Priya S.,Customer Success,Low,done,Northstar Labs,20.0,23.0,No
T-0646,28 Mar 2026,2026-04-01,29/03/2026,Amina K.,Implementation,High,Completed,Northstar Labs,17.0,2.0,No
T-0647,2026-03-17,2026-03-18,16/03/2026,Theo R.,Customer Success,Low,Completed,Northstar Labs,11.0,13.0,No
T-0648,2026-03-15,2026-03-20,20/03/2026,Jules M.,Operations,High,Done,Juniper Works,9.0,14.0,Yes
T-0649,16/01/2026,2026-01-17,14/01/2026,Priya S.,Implementation,Medium,done,Cedar & Finch,10.0,15.0,No
T-0650,2026-03-19,2026-03-23,23/03/2026,Jules M.,Customer Success,Low,DONE,Blue Orbit,10.0,15.0,No
T-0651,06/03/2026,2026-03-08,08/03/2026,Priya S.,Customer Success,High,Done,Juniper Works,-4.0,9.0,No
T-0652,18 Jan 2026,2026-01-23,23/01/2026,Marco L.,Customer Success,High,Done,Juniper Works,23.0,7.0,No
T-0653,10 Feb 2026,2026-02-18,17/02/2026,Amina K.,Customer Success,Low,DONE,Blue Orbit,14.0,12.0,No
T-0654,28 Mar 2026,2026-04-01,29/03/2026,Marco L.,Customer Success,Medium,done,Northstar Labs,7.0,24.0,No
T-0655,20/03/2026,2026-03-22,24/03/2026,Theo R.,Implementation,Medium,done,Blue Orbit,0.0,4.0,No
T-0656,24/03/2026,2026-07-26,,Amina K.,Customer Success,Medium,blocked,Cedar & Finch,3.0,4.0,No
T-0657,25/01/2026,2026-05-08,,Priya S.,Operations,Medium,blocked,Cedar & Finch,7.0,10.0,No
T-0658,09 Feb 2026,2026-02-11,10/02/2026,Priya S.,Customer Success,High,done,Northstar Labs,2.0,15.0,No
T-0659,23/02/2026,2026-06-21,,Amina K.,Customer Success,Medium,in-progress,Cedar & Finch,19.0,23.0,No
T-0660,20 Jan 2026,2026-01-23,21/01/2026,Sam N.,Customer Success,Medium,done,Juniper Works,0.0,5.0,No
T-0661,2026-02-03,2026-02-09,10/02/2026,Priya S.,Implementation,Low,DONE,Juniper Works,2.0,20.0,No
T-0662,26 Jan 2026,2026-07-05,,Theo R.,Operations,High,blocked,Northstar Labs,20.0,15.0,No
T-0663,27/01/2026,2026-05-10,,Priya S.,Customer Success,Medium,blocked,Northstar Labs,12.0,12.0,No
T-0664,09 Mar 2026,2026-08-02,,Marco L.,Implementation,Medium,WIP,Northstar Labs,11.0,24.0,No
T-0665,17 Mar 2026,2026-08-17,,Priya S.,Implementation,Medium,blocked,Northstar Labs,18.0,-3.0,No
T-0666,11 Jan 2026,2026-05-09,,Marco L.,Customer Success,Low,Not started,Northstar Labs,24.0,11.0,No
T-0667,16/03/2026,2026-03-23,21/03/2026,Amina K.,Operations,High,Done,Juniper Works,4.0,7.0,No
T-0668,12 Feb 2026,2026-02-19,17/02/2026,Priya S.,Implementation,High,Completed,Northstar Labs,11.0,22.0,No
T-0669,13 Jan 2026,2026-01-21,20/01/2026,Marco L.,Customer Success,High,done,Northstar Labs,3.0,-3.0,No
T-0670,2026-02-24,2026-06-30,,  priya s.  ,Customer Success,Medium,blocked,Cedar & Finch,18.0,16.0,No
T-0671,21/03/2026,2026-03-27,25/03/2026,Amina K.,Implementation,Medium,Done,Cedar & Finch,15.0,400.0,No
T-0672,09 Jan 2026,2026-05-02,,Theo R.,Customer Success,Medium,In progress,Blue Orbit,20.0,5.0,No
T-0673,22 Feb 2026,2026-02-24,23/02/2026,Marco L.,Operations,High,Done,Northstar Labs,11.0,9.0,Yes
T-0674,06/02/2026,2026-02-08,05/02/2026,Marco L.,Customer Success,Low,Done,Blue Orbit,17.0,16.0,No
T-0675,13/03/2026,2026-03-15,15/03/2026,Priya S.,Implementation,Medium,DONE,Cedar & Finch,16.0,19.0,No
T-0676,26 Feb 2026,2026-02-27,25/02/2026,Amina K.,Operations,Low,done,Cedar & Finch,6.0,10.0,No
T-0677,2026-03-13,2026-07-14,,Marco L.,Customer Success,Medium,in-progress,Blue Orbit,19.0,11.0,No
T-0678,2026-01-15,2026-01-18,,Theo R.,Implementation,Medium,done,Blue Orbit,7.0,2.0,No
T-0679,2026-02-08,2026-02-10,08/02/2026,Priya S.,Operations,High,Done,Northstar Labs,7.0,24.0,Yes
T-0680,2026-03-18,2026-03-25,25/03/2026,Sam N.,Implementation,Low,Completed,Blue Orbit,18.0,24.0,No
T-0681,2026-01-18,2026-01-26,24/01/2026,Priya S.,Customer Success,Low,done,Blue Orbit,15.0,11.0,No
T-0682,20 Feb 2026,2026-02-26,26/02/2026,Amina K.,Customer Success,High,Completed,Northstar Labs,6.0,2.0,No
T-0683,2026-03-15,2026-03-17,17/03/2026,Priya S.,Customer Success,Medium,Completed,Juniper Works,16.0,2.0,No
T-0684,05 Feb 2026,2026-07-02,,Jules M.,Operations,Medium,in-progress,Cedar & Finch,10.0,22.0,No
T-0685,2026-01-09,2026-01-15,14/01/2026,Jules M.,Implementation,High,Completed,Cedar & Finch,5.0,3.0,No
T-0686,22/01/2026,2026-01-24,26/01/2026,Amina K.,Customer Success,Medium,Done,Northstar Labs,16.0,2.0,No
T-0687,04/02/2026,2026-02-09,10/02/2026,Priya S.,Implementation,Medium,Done,Juniper Works,400.0,17.0,No
T-0688,09 Mar 2026,2026-06-08,,Priya S.,Customer Success,Medium,in-progress,Blue Orbit,6.0,13.0,No
T-0689,2026-03-03,2026-06-22,,Sam N.,Implementation,High,Blocked,Juniper Works,6.0,10.0,No
T-0690,2026-02-25,2026-03-03,28/02/2026,Amina K.,Implementation,Medium,Done,Juniper Works,22.0,19.0,No
T-0691,20 Jan 2026,2026-06-27,,,Operations,Medium,Not started,Juniper Works,17.0,20.0,No
T-0692,08/03/2026,2026-07-06,,Marco L.,Implementation,High,Not started,Northstar Labs,22.0,20.0,No
T-0693,16 Mar 2026,2026-07-06,,Theo R.,Implementation,High,WIP,Cedar & Finch,21.0,19.0,No
T-0694,2026-03-26,2026-07-27,,Priya S.,Operations,Low,in-progress,Juniper Works,4.0,11.0,No
T-0695,27/03/2026,2026-08-23,,Priya S.,Customer Success,High,In progress,Juniper Works,17.0,3.0,No
T-0696,09/02/2026,2026-02-14,12/02/2026,Priya S.,Customer Success,High,Done,Blue Orbit,15.0,23.0,No
T-0697,2026-03-09,2026-03-15,13/03/2026,,Customer Success,Medium,Completed,Cedar & Finch,21.0,24.0,No
T-0698,31/02/2026,2026-07-29,,Priya S.,Customer Success,High,in-progress,Northstar Labs,16.0,0.0,No
T-0699,30 Jan 2026,2026-02-04,03/02/2026,Theo R.,Implementation,Medium,Done,Juniper Works,20.0,7.0,No
T-0700,09/03/2026,2026-03-15,15/03/2026,Priya S.,Operations,Medium,Completed,Blue Orbit,3.0,23.0,No
T-0701,27 Mar 2026,2026-03-30,27/03/2026,Marco L.,Operations,Medium,Completed,Juniper Works,18.0,20.0,No
T-0702,2026-03-12,2026-03-17,15/03/2026,Priya S.,Implementation,Medium,Done,Northstar Labs,6.0,8.0,No
T-0703,23 Jan 2026,2026-01-24,22/01/2026,Amina K.,Operations,High,Completed,Northstar Labs,3.0,13.0,No
T-0704,31 Jan 2026,2026-02-06,08/02/2026,,Implementation,High,DONE,Juniper Works,24.0,19.0,No
T-0705,05 Mar 2026,2026-03-13,13/03/2026,Marco L.,Customer Success,Medium,Completed,Northstar Labs,12.0,2.0,No
T-0706,05/02/2026,2026-07-08,,Amina K.,Operations,Low,WIP,Northstar Labs,6.0,10.0,No
T-0707,2026-02-06,2026-02-07,10/02/2026,Amina K.,Customer Success,Medium,done,Juniper Works,17.0,8.0,Yes
T-0708,25 Mar 2026,2026-08-17,,Theo R.,Implementation,High,in-progress,Juniper Works,3.0,5.0,No
T-0709,28/01/2026,2026-02-03,05/02/2026,Jules M.,Implementation,High,Completed,Blue Orbit,-1.0,5.0,Yes
T-0710,08/03/2026,2026-06-29,,Jules M.,Operations,Medium,Blocked,Blue Orbit,17.0,16.0,No
T-0711,2026-03-28,2026-08-30,,Priya S.,Implementation,High,WIP,Juniper Works,22.0,10.0,No
T-0712,26/02/2026,2026-02-27,26/02/2026,Priya S.,Operations,Medium,Done,Northstar Labs,17.0,11.0,No
T-0713,14 Jan 2026,2026-01-21,20/01/2026,Priya S.,Customer Success,High,DONE,Northstar Labs,22.0,-3.0,No
T-0714,22/01/2026,2026-05-06,,Marco L.,Implementation,High,WIP,Cedar & Finch,17.0,7.0,No
T-0715,18/01/2026,2026-01-21,21/01/2026,Marco L.,Implementation,High,Done,Northstar Labs,6.0,17.0,No
T-0716,07/02/2026,2026-02-10,12/02/2026,Amina K.,Customer Success,High,done,Cedar & Finch,24.0,16.0,No
T-0717,2026-02-11,2026-02-14,11/02/2026,Priya S.,Customer Success,Medium,done,Northstar Labs,9.0,14.0,No
T-0718,03/02/2026,2026-05-30,,Marco L.,Customer Success,Medium,in-progress,Juniper Works,18.0,24.0,No
T-0719,21/02/2026,2026-02-24,23/02/2026,Priya S.,Operations,High,Completed,Juniper Works,6.0,14.0,No
T-0720,2026-03-16,2026-07-31,,  marco l.  ,Implementation,Low,WIP,Cedar & Finch,14.0,4.0,No
T-0721,28 Jan 2026,2026-01-30,,Priya S.,Implementation,Low,WIP,Cedar & Finch,0.0,17.0,No
T-0722,23/03/2026,2026-03-26,,Priya S.,Operations,Low,done,Cedar & Finch,16.0,14.0,No
T-0723,13/03/2026,2026-03-14,,Marco L.,Implementation,Medium,DONE,Juniper Works,4.0,17.0,No
T-0724,10/03/2026,2026-03-12,09/03/2026,Jules M.,Implementation,Medium,done,Juniper Works,24.0,5.0,No
T-0725,15/03/2026,2026-03-22,20/03/2026,Jules M.,Operations,Medium,Completed,Northstar Labs,20.0,9.0,No
T-0726,09 Feb 2026,2026-02-10,07/02/2026,Priya S.,Operations,Medium,DONE,Cedar & Finch,8.0,2.0,No
T-0727,07 Feb 2026,2026-06-12,,Theo R.,Operations,Medium,In progress,Juniper Works,-4.0,2.0,No
T-0728,2026-01-13,2026-01-17,16/01/2026,Marco L.,Customer Success,High,Completed,Northstar Labs,12.0,10.0,No
T-0729,15/03/2026,2026-03-18,17/03/2026,Priya S.,Customer Success,High,DONE,Juniper Works,22.0,22.0,No
T-0730,31/02/2026,2026-04-29,,Priya S.,Operations,High,in-progress,Blue Orbit,21.0,-1.0,No
T-0731,18 Jan 2026,2026-01-19,22/01/2026,,Customer Success,High,done,Northstar Labs,11.0,4.0,No
T-0732,15 Mar 2026,2026-03-21,20/03/2026,Marco L.,Operations,Medium,Completed,Northstar Labs,19.0,2.0,No
T-0733,17 Feb 2026,2026-02-20,17/02/2026,Theo R.,Implementation,Medium,DONE,Blue Orbit,19.0,19.0,Yes
T-0734,05 Jan 2026,2026-04-22,2026-03-20,Theo R.,Operations,Medium,WIP,Cedar & Finch,13.0,10.0,No
T-0735,10/01/2026,2026-04-03,,Priya S.,Implementation,High,WIP,Northstar Labs,19.0,22.0,No
T-0736,27/01/2026,2026-06-23,,Priya S.,Implementation,Medium,WIP,Blue Orbit,4.0,12.0,No
T-0737,20 Jan 2026,2026-01-24,25/01/2026,Theo R.,Customer Success,Medium,Completed,Blue Orbit,16.0,17.0,No
T-0738,25/03/2026,2026-07-23,,Priya S.,Implementation,Low,in-progress,Juniper Works,20.0,3.0,No
T-0739,2026-02-15,2026-02-19,18/02/2026,Jules M.,Operations,High,Completed,Cedar & Finch,6.0,18.0,No
T-0740,12/02/2026,2026-05-31,2026-03-20,Sam N.,Operations,Medium,Not started,Blue Orbit,22.0,7.0,No
T-0741,2026-01-07,2026-04-28,,  marco l.  ,Operations,Medium,in-progress,Cedar & Finch,14.0,15.0,No
T-0742,2026-03-05,2026-06-24,,Marco L.,Customer Success,High,Not started,Juniper Works,12.0,8.0,No
T-0743,05 Mar 2026,2026-03-07,06/03/2026,Theo R.,Implementation,Medium,DONE,Cedar & Finch,14.0,3.0,No
T-0744,09/02/2026,2026-02-14,15/02/2026,Amina K.,Customer Success,High,Completed,Blue Orbit,23.0,0.0,No
T-0745,09/03/2026,2026-08-05,,Priya S.,Implementation,Low,In progress,Blue Orbit,15.0,11.0,No
T-0746,19 Jan 2026,2026-06-24,,Marco L.,Implementation,Medium,blocked,Blue Orbit,5.0,13.0,No
T-0747,2026-03-12,2026-03-17,19/03/2026,,Operations,High,DONE,Cedar & Finch,24.0,17.0,No
T-0748,27 Mar 2026,2026-04-03,29/03/2026,Priya S.,Operations,Medium,DONE,Northstar Labs,16.0,14.0,No
T-0749,2026-02-22,2026-02-26,24/02/2026,Marco L.,Customer Success,Medium,DONE,Cedar & Finch,16.0,-4.0,No
T-0750,31/01/2026,2026-02-07,06/02/2026,Priya S.,Implementation,High,DONE,Blue Orbit,6.0,0.0,No
T-0751,26/01/2026,2026-02-01,02/02/2026,Marco L.,Customer Success,High,done,Blue Orbit,22.0,3.0,No
T-0752,20 Jan 2026,2026-06-01,,Amina K.,Customer Success,High,Not started,Cedar & Finch,7.0,16.0,No
T-0753,28/03/2026,2026-03-30,29/03/2026,Theo R.,Implementation,Low,Completed,Cedar & Finch,20.0,16.0,Yes
T-0754,25/02/2026,2026-07-18,,Priya S.,Customer Success,Medium,In progress,Juniper Works,400.0,7.0,No
T-0755,28 Feb 2026,2026-07-16,,Amina K.,Customer Success,High,in-progress,Cedar & Finch,24.0,400.0,No
T-0756,2026-03-08,2026-07-07,,Jules M.,Customer Success,Medium,WIP,Northstar Labs,17.0,7.0,No
T-0757,05/02/2026,2026-02-07,10/02/2026,Theo R.,Customer Success,Low,DONE,Juniper Works,23.0,20.0,No
T-0758,21/02/2026,2026-02-28,25/02/2026,Priya S.,Implementation,Medium,Done,Blue Orbit,16.0,11.0,No
T-0759,04/03/2026,2026-03-06,06/03/2026,Marco L.,Operations,High,done,Juniper Works,5.0,16.0,Yes
T-0760,2026-02-17,2026-02-21,21/02/2026,Priya S.,Implementation,Medium,Completed,Cedar & Finch,7.0,18.0,No
T-0761,2026-03-13,2026-08-16,,Priya S.,Operations,Medium,In progress,Northstar Labs,13.0,15.0,No
T-0762,02/03/2026,2026-03-07,07/03/2026,Marco L.,Customer Success,Medium,Completed,Northstar Labs,400.0,16.0,No
T-0763,15 Mar 2026,2026-03-16,13/03/2026,Marco L.,Customer Success,Medium,done,Blue Orbit,22.0,15.0,No
T-0764,19 Mar 2026,2026-03-21,19/03/2026,Theo R.,Implementation,Low,Done,Cedar & Finch,12.0,5.0,No
T-0765,23 Feb 2026,2026-07-30,2026-03-20,Priya S.,Implementation,Medium,in-progress,Cedar & Finch,16.0,17.0,No
T-0766,15/02/2026,2026-02-22,24/02/2026,Marco L.,Operations,Medium,Done,Juniper Works,11.0,14.0,No
T-0767,05 Mar 2026,2026-07-20,,Theo R.,Operations,Low,Blocked,Juniper Works,7.0,4.0,No
T-0768,2026-01-26,2026-01-31,31/01/2026,Amina K.,Customer Success,Medium,Done,Blue Orbit,14.0,20.0,No
T-0769,15/01/2026,2026-01-20,22/01/2026,Priya S.,Operations,Medium,done,Juniper Works,8.0,3.0,No
T-0770,12 Feb 2026,2026-06-10,,Priya S.,Customer Success,High,Not started,Northstar Labs,12.0,23.0,No
T-0771,21/03/2026,2026-03-28,26/03/2026,Priya S.,Customer Success,Medium,done,Juniper Works,5.0,13.0,No
T-0772,08 Mar 2026,2026-03-14,14/03/2026,Amina K.,Operations,Low,Completed,Northstar Labs,20.0,5.0,No
T-0773,2026-01-21,2026-01-24,21/01/2026,Theo R.,Implementation,Medium,Done,Juniper Works,12.0,24.0,No
T-0774,2026-03-07,2026-03-09,07/03/2026,Marco L.,Operations,High,Completed,Juniper Works,20.0,6.0,No
T-0775,05/01/2026,2026-01-06,05/01/2026,Priya S.,Implementation,High,Done,Cedar & Finch,15.0,11.0,No
T-0776,23/02/2026,2026-07-10,,Sam N.,Customer Success,High,In progress,Blue Orbit,10.0,6.0,No
T-0777,27 Mar 2026,2026-06-30,,Priya S.,Operations,Medium,WIP,Juniper Works,17.0,23.0,No
T-0778,13 Jan 2026,2026-01-21,19/01/2026,Theo R.,Customer Success,Low,DONE,Juniper Works,3.0,7.0,No
T-0779,2026-01-23,2026-01-27,25/01/2026,Priya S.,Operations,Medium,Done,Blue Orbit,19.0,-1.0,No
T-0780,19 Feb 2026,2026-05-29,,Priya S.,Implementation,High,Blocked,Juniper Works,14.0,7.0,No
T-0781,08 Feb 2026,2026-02-15,15/02/2026,Priya S.,Customer Success,High,Completed,Cedar & Finch,3.0,19.0,No
T-0782,09 Feb 2026,2026-02-12,11/02/2026,Priya S.,Implementation,High,DONE,Cedar & Finch,0.0,12.0,No
T-0783,04/03/2026,2026-08-09,,,Customer Success,Medium,Blocked,Juniper Works,21.0,17.0,No
T-0784,28/01/2026,2026-05-17,,Theo R.,Customer Success,Low,Blocked,Juniper Works,22.0,4.0,No
T-0785,02 Feb 2026,2026-02-07,05/02/2026,Sam N.,Implementation,Low,DONE,Blue Orbit,7.0,6.0,No
T-0786,02 Feb 2026,2026-06-06,,Sam N.,Operations,Low,Not started,Blue Orbit,9.0,17.0,No
T-0787,21 Feb 2026,2026-02-24,,Priya S.,Customer Success,Medium,DONE,Northstar Labs,23.0,7.0,No
T-0788,04/02/2026,2026-05-12,,Sam N.,Operations,High,In progress,Cedar & Finch,19.0,18.0,No
T-0789,19/03/2026,2026-03-21,21/03/2026,Priya S.,Customer Success,Medium,done,Juniper Works,9.0,4.0,No
T-0790,06/02/2026,2026-02-13,11/02/2026,Marco L.,Implementation,Low,DONE,Blue Orbit,21.0,17.0,No
T-0791,2026-03-26,2026-04-03,29/03/2026,Sam N.,Implementation,Medium,Done,Cedar & Finch,21.0,14.0,No
T-0792,17 Feb 2026,2026-06-03,,Priya S.,Operations,Low,Blocked,Blue Orbit,17.0,12.0,No
T-0793,13/01/2026,2026-01-21,20/01/2026,Priya S.,Operations,Medium,Completed,Cedar & Finch,8.0,15.0,No
T-0794,21 Jan 2026,2026-01-26,24/01/2026,Priya S.,Customer Success,Medium,Completed,Northstar Labs,11.0,9.0,No
T-0795,20 Jan 2026,2026-01-26,25/01/2026,Sam N.,Operations,Medium,DONE,Juniper Works,12.0,15.0,No
T-0796,2026-03-05,2026-03-11,14/03/2026,Marco L.,Operations,Low,Done,Northstar Labs,22.0,16.0,No
T-0797,14 Mar 2026,2026-03-20,22/03/2026,Marco L.,Implementation,Medium,done,Blue Orbit,23.0,10.0,No
T-0798,2026-03-18,2026-07-01,,Priya S.,Implementation,High,blocked,Cedar & Finch,8.0,8.0,No
T-0799,13 Mar 2026,2026-03-14,11/03/2026,,Operations,Low,Completed,Northstar Labs,11.0,17.0,No
T-0800,2026-01-16,2026-01-22,25/01/2026,Priya S.,Implementation,High,Done,Cedar & Finch,9.0,8.0,No
T-0801,29/01/2026,2026-01-30,30/01/2026,Theo R.,Customer Success,Medium,Completed,Juniper Works,22.0,24.0,No
T-0802,10/02/2026,2026-02-17,14/02/2026,Jules M.,Customer Success,Medium,Completed,Northstar Labs,10.0,13.0,Yes
T-0803,07 Feb 2026,2026-02-09,11/02/2026,Priya S.,Operations,Medium,DONE,Cedar & Finch,7.0,4.0,No
T-0804,12 Jan 2026,2026-04-12,,Theo R.,Customer Success,Medium,Blocked,Cedar & Finch,23.0,4.0,No
T-0805,19 Feb 2026,2026-02-26,28/02/2026,Priya S.,Operations,Medium,done,Juniper Works,12.0,400.0,Yes
T-0806,28 Mar 2026,2026-04-01,29/03/2026,Priya S.,Operations,Medium,Completed,Cedar & Finch,19.0,23.0,No
T-0807,19/03/2026,2026-03-23,21/03/2026,Priya S.,Operations,High,DONE,Cedar & Finch,7.0,2.0,No
T-0808,08 Mar 2026,2026-03-09,12/03/2026,Amina K.,Operations,Medium,DONE,Northstar Labs,14.0,5.0,Yes
T-0809,18 Mar 2026,2026-03-22,25/03/2026,Amina K.,Implementation,High,Done,Juniper Works,4.0,10.0,No
T-0810,13/01/2026,2026-01-15,15/01/2026,Jules M.,Customer Success,Low,Completed,Juniper Works,13.0,7.0,No
T-0811,2026-03-14,2026-03-17,16/03/2026,Priya S.,Implementation,Medium,done,Northstar Labs,2.0,22.0,No
T-0812,05 Jan 2026,2026-01-08,08/01/2026,Jules M.,Implementation,Medium,DONE,Juniper Works,13.0,-2.0,No
T-0813,2026-03-29,2026-03-30,29/03/2026,Marco L.,Operations,Medium,Done,Northstar Labs,7.0,3.0,No
T-0814,12/03/2026,2026-03-16,13/03/2026,Priya S.,Customer Success,Medium,DONE,Juniper Works,3.0,21.0,No
T-0815,2026-03-09,2026-03-17,15/03/2026,Jules M.,Implementation,Low,DONE,Cedar & Finch,16.0,7.0,Yes
T-0816,01/02/2026,2026-02-09,10/02/2026,Priya S.,Implementation,High,Done,Cedar & Finch,15.0,9.0,No
T-0817,2026-03-06,2026-03-09,09/03/2026,Marco L.,Customer Success,High,Completed,Juniper Works,18.0,12.0,No
T-0818,27 Mar 2026,2026-04-01,29/03/2026,Priya S.,Operations,High,Completed,Blue Orbit,17.0,3.0,No
T-0819,24 Jan 2026,2026-01-31,31/01/2026,Priya S.,Implementation,Medium,Completed,Northstar Labs,18.0,8.0,Yes
T-0820,2026-03-08,2026-03-14,12/03/2026,Marco L.,Operations,High,done,Cedar & Finch,13.0,9.0,No
T-0821,02 Mar 2026,2026-03-09,11/03/2026,Marco L.,Customer Success,High,done,Northstar Labs,17.0,16.0,No
T-0822,16 Feb 2026,2026-02-20,20/02/2026,Priya S.,Operations,Low,Done,Juniper Works,17.0,6.0,No
T-0823,2026-03-04,2026-03-05,08/03/2026,Jules M.,Implementation,High,done,Blue Orbit,5.0,10.0,No
T-0824,2026-03-12,2026-08-11,,  priya s.  ,Customer Success,Low,WIP,Juniper Works,4.0,24.0,No
T-0825,2026-02-11,2026-02-15,15/02/2026,,Operations,Medium,Completed,Juniper Works,22.0,21.0,No
T-0826,19/01/2026,2026-01-27,26/01/2026,Marco L.,Implementation,High,done,Northstar Labs,7.0,0.0,Yes
T-0827,10/03/2026,2026-03-15,17/03/2026,Priya S.,Implementation,Medium,DONE,Blue Orbit,13.0,13.0,No
T-0828,13/03/2026,2026-06-30,,Marco L.,Customer Success,Medium,In progress,Juniper Works,10.0,5.0,No
T-0829,16 Jan 2026,2026-06-03,,Jules M.,Customer Success,High,WIP,Blue Orbit,11.0,5.0,No
T-0830,2026-03-07,2026-06-21,,Theo R.,Customer Success,Low,Blocked,Juniper Works,2.0,17.0,No
T-0831,15/03/2026,2026-08-04,,Priya S.,Customer Success,Low,WIP,Juniper Works,9.0,22.0,No
T-0832,28 Jan 2026,2026-01-30,02/02/2026,Priya S.,Operations,Medium,done,Cedar & Finch,9.0,16.0,Yes
T-0833,06/01/2026,2026-06-04,,Priya S.,Customer Success,High,Blocked,Juniper Works,22.0,20.0,No
T-0834,31/02/2026,2026-06-16,,Amina K.,Implementation,High,in-progress,Cedar & Finch,2.0,13.0,No
T-0835,03/03/2026,2026-03-04,02/03/2026,Amina K.,Customer Success,Medium,Completed,Blue Orbit,9.0,9.0,No
T-0836,2026-02-17,2026-02-25,24/02/2026,Priya S.,Implementation,High,DONE,Juniper Works,3.0,8.0,No
T-0837,2026-02-27,2026-06-22,,,Customer Success,Medium,Not started,Juniper Works,10.0,8.0,No
T-0838,2026-02-08,2026-07-06,,Priya S.,Operations,Low,WIP,Blue Orbit,17.0,6.0,No
T-0839,2026-01-29,2026-02-02,02/02/2026,Priya S.,Customer Success,Medium,Completed,Blue Orbit,2.0,4.0,No
T-0840,2026-01-10,2026-01-18,15/01/2026,Jules M.,Operations,Medium,DONE,Northstar Labs,5.0,15.0,No
T-0841,2026-02-17,2026-02-23,22/02/2026,Amina K.,Implementation,High,done,Juniper Works,8.0,24.0,No
T-0842,16/03/2026,2026-07-20,,Sam N.,Operations,Medium,blocked,Blue Orbit,24.0,8.0,No
T-0843,09/03/2026,2026-03-13,12/03/2026,Sam N.,Operations,Medium,Done,Juniper Works,18.0,11.0,No
T-0844,2026-01-15,2026-04-05,,Priya S.,Implementation,Medium,In progress,Northstar Labs,13.0,0.0,No
T-0845,31/02/2026,2026-03-09,06/03/2026,  amina k.  ,Customer Success,Low,Done,Blue Orbit,18.0,5.0,No
T-0846,27 Mar 2026,2026-04-02,29/03/2026,Priya S.,Customer Success,High,Completed,Blue Orbit,9.0,23.0,No
T-0847,2026-03-06,2026-03-13,13/03/2026,Sam N.,Implementation,Medium,Completed,Northstar Labs,12.0,6.0,No
T-0848,2026-01-10,2026-05-27,,Marco L.,Implementation,High,WIP,Blue Orbit,8.0,23.0,No
T-0849,10/02/2026,2026-02-18,18/02/2026,Jules M.,Implementation,Low,Completed,Juniper Works,2.0,14.0,No
T-0850,20/01/2026,2026-01-23,23/01/2026,Priya S.,Customer Success,High,done,Juniper Works,22.0,20.0,No
T-0851,2026-01-10,2026-01-15,14/01/2026,Priya S.,Customer Success,Low,DONE,Blue Orbit,20.0,11.0,No
T-0852,2026-03-21,2026-03-26,26/03/2026,Amina K.,Operations,High,DONE,Juniper Works,21.0,20.0,Yes
T-0853,29/01/2026,2026-02-05,08/02/2026,Priya S.,Customer Success,High,DONE,Cedar & Finch,5.0,18.0,No
T-0854,24 Mar 2026,2026-03-31,28/03/2026,Jules M.,Customer Success,Medium,Completed,Juniper Works,15.0,18.0,No
T-0855,22 Mar 2026,2026-08-26,,Priya S.,Customer Success,Medium,Not started,Juniper Works,19.0,3.0,No
T-0856,2026-02-23,2026-07-23,,Priya S.,Operations,Medium,WIP,Northstar Labs,24.0,11.0,No
T-0857,2026-02-02,2026-02-06,06/02/2026,Priya S.,Operations,Medium,DONE,Juniper Works,12.0,4.0,No
T-0858,2026-01-08,2026-05-01,,Amina K.,Customer Success,High,blocked,Juniper Works,4.0,18.0,No
T-0859,2026-01-05,2026-01-09,11/01/2026,Marco L.,Operations,High,Completed,Northstar Labs,22.0,14.0,No
T-0860,01/03/2026,2026-07-13,,Priya S.,Implementation,Medium,blocked,Blue Orbit,10.0,10.0,No
T-0861,16/03/2026,2026-03-19,17/03/2026,Theo R.,Operations,Low,done,Blue Orbit,400.0,22.0,Yes
T-0862,2026-02-04,2026-02-12,09/02/2026,,Customer Success,Low,Completed,Blue Orbit,14.0,16.0,No
T-0863,06/02/2026,2026-05-09,,Jules M.,Implementation,Medium,in-progress,Juniper Works,24.0,400.0,No
T-0864,26 Jan 2026,2026-06-04,,Amina K.,Implementation,High,WIP,Blue Orbit,14.0,23.0,No
T-0865,2026-03-15,2026-03-16,13/03/2026,Theo R.,Implementation,Medium,Done,Blue Orbit,18.0,2.0,No
T-0866,2026-03-03,2026-03-08,07/03/2026,Sam N.,Operations,Medium,Done,Blue Orbit,11.0,6.0,No
T-0867,24/01/2026,2026-01-25,22/01/2026,Priya S.,Customer Success,Medium,Done,Northstar Labs,13.0,16.0,No
T-0868,13 Feb 2026,2026-02-17,15/02/2026,Amina K.,Customer Success,High,Completed,Northstar Labs,16.0,0.0,No
T-0869,11/02/2026,2026-02-12,10/02/2026,Priya S.,Implementation,Medium,Done,Northstar Labs,8.0,6.0,No
T-0870,2026-03-10,2026-07-09,,Priya S.,Implementation,High,Blocked,Blue Orbit,18.0,13.0,No
T-0871,2026-03-13,2026-03-21,23/03/2026,Priya S.,Implementation,Low,DONE,Cedar & Finch,14.0,2.0,No
T-0872,2026-02-20,2026-05-20,,Priya S.,Customer Success,Low,In progress,Juniper Works,7.0,3.0,No
T-0873,2026-03-25,2026-07-06,,Sam N.,Operations,Medium,Blocked,Northstar Labs,19.0,9.0,No
T-0874,09/03/2026,2026-03-11,12/03/2026,Priya S.,Operations,Medium,DONE,Cedar & Finch,15.0,3.0,No
T-0875,16/01/2026,2026-06-14,,Amina K.,Operations,Medium,in-progress,Cedar & Finch,2.0,11.0,No
T-0876,2026-01-15,2026-05-15,,Marco L.,Implementation,Medium,In progress,Northstar Labs,10.0,18.0,Yes
T-0877,05/03/2026,2026-03-08,08/03/2026,Marco L.,Implementation,High,Done,Blue Orbit,9.0,23.0,No
T-0878,19/01/2026,2026-01-20,19/01/2026,Jules M.,Operations,Medium,Completed,Juniper Works,12.0,14.0,No
T-0879,18/01/2026,2026-01-23,,Priya S.,Implementation,High,In progress,Juniper Works,16.0,12.0,No
T-0880,16/01/2026,2026-01-22,25/01/2026,Priya S.,Customer Success,High,Done,Juniper Works,9.0,23.0,Yes
T-0881,01/03/2026,2026-03-06,05/03/2026,Marco L.,Operations,Low,Completed,Juniper Works,10.0,17.0,No
T-0882,25 Feb 2026,2026-03-01,02/03/2026,Priya S.,Operations,Low,Completed,Northstar Labs,18.0,17.0,No
T-0883,20/03/2026,2026-03-23,20/03/2026,Amina K.,Customer Success,Low,done,Cedar & Finch,2.0,12.0,Yes
T-0884,2026-02-07,2026-02-09,11/02/2026,Priya S.,Operations,Medium,done,Cedar & Finch,10.0,17.0,Yes
T-0885,15/02/2026,2026-02-14,20/02/2026,Priya S.,Implementation,Medium,DONE,Juniper Works,23.0,5.0,No
T-0886,2026-01-24,2026-01-28,25/01/2026,Sam N.,Operations,Medium,DONE,Juniper Works,6.0,3.0,No
T-0887,2026-02-24,2026-02-26,25/02/2026,Jules M.,Operations,Low,Completed,Northstar Labs,0.0,7.0,No
T-0888,31 Jan 2026,2026-07-10,,Marco L.,Customer Success,High,In progress,Cedar & Finch,9.0,13.0,No
T-0889,31/01/2026,2026-02-04,06/02/2026,Priya S.,Implementation,High,Done,Juniper Works,10.0,8.0,No
T-0890,2026-02-19,2026-02-24,22/02/2026,Jules M.,Implementation,High,DONE,Blue Orbit,19.0,22.0,No
T-0891,25 Mar 2026,2026-03-26,,Amina K.,Operations,High,Done,Northstar Labs,2.0,3.0,No
T-0892,2026-03-28,2026-03-29,29/03/2026,Jules M.,Customer Success,Medium,Completed,Blue Orbit,11.0,20.0,No
T-0893,2026-02-21,2026-02-28,26/02/2026,Marco L.,Operations,Medium,done,Juniper Works,18.0,15.0,No
T-0894,2026-03-16,2026-06-25,,Priya S.,Customer Success,High,Blocked,Blue Orbit,4.0,20.0,No
T-0895,06/02/2026,2026-07-13,,Priya S.,Implementation,Medium,WIP,Juniper Works,16.0,17.0,No
T-0896,2026-02-09,2026-02-16,14/02/2026,Marco L.,Operations,High,Completed,Northstar Labs,23.0,11.0,No
T-0897,16 Jan 2026,2026-04-26,,Priya S.,Implementation,High,Not started,Blue Orbit,17.0,13.0,No
T-0898,09 Feb 2026,2026-02-08,14/02/2026,Amina K.,Operations,High,Completed,Juniper Works,0.0,7.0,No
T-0899,20/01/2026,2026-01-25,25/01/2026,Marco L.,Customer Success,Medium,done,Cedar & Finch,5.0,14.0,No
T-0900,2026-02-12,2026-02-18,17/02/2026,Priya S.,Operations,High,Completed,Blue Orbit,23.0,11.0,No
T-0901,26 Feb 2026,2026-08-01,,Priya S.,Implementation,High,in-progress,Juniper Works,24.0,12.0,No
T-0902,2026-02-28,2026-08-06,,Marco L.,Operations,Medium,Blocked,Cedar & Finch,8.0,19.0,No
T-0903,07 Jan 2026,2026-01-15,15/01/2026,Priya S.,Customer Success,Medium,DONE,Cedar & Finch,21.0,11.0,No
T-0904,03 Mar 2026,2026-03-11,11/03/2026,Jules M.,Implementation,High,Completed,Juniper Works,23.0,6.0,No
T-0905,12 Jan 2026,2026-01-17,17/01/2026,Theo R.,Operations,Medium,DONE,Juniper Works,18.0,15.0,No
T-0906,30/01/2026,2026-05-25,,  amina k.  ,Customer Success,Medium,WIP,Blue Orbit,2.0,13.0,No
T-0907,2026-01-29,2026-02-04,02/02/2026,Marco L.,Customer Success,Low,done,Northstar Labs,10.0,17.0,No
T-0908,22/01/2026,2026-05-08,,Amina K.,Customer Success,High,Not started,Juniper Works,400.0,6.0,No
T-0909,2026-02-22,2026-02-25,27/02/2026,Amina K.,Implementation,High,Completed,Northstar Labs,4.0,24.0,Yes
T-0910,15 Jan 2026,2026-01-17,14/01/2026,Marco L.,Customer Success,Medium,Done,Juniper Works,8.0,7.0,No
T-0911,26/03/2026,2026-07-18,,Theo R.,Customer Success,Medium,in-progress,Northstar Labs,10.0,6.0,No
T-0912,2026-02-05,2026-02-10,08/02/2026,Priya S.,Operations,High,Done,Juniper Works,0.0,11.0,No
T-0913,12/01/2026,2026-01-15,,Priya S.,Customer Success,Medium,DONE,Blue Orbit,17.0,9.0,No
T-0914,08/03/2026,2026-03-15,18/03/2026,Jules M.,Customer Success,High,Done,Blue Orbit,7.0,22.0,No
T-0915,2026-01-12,2026-01-17,16/01/2026,Theo R.,Operations,High,Completed,Blue Orbit,22.0,12.0,No
T-0916,28 Jan 2026,2026-01-30,02/02/2026,Marco L.,Customer Success,Medium,Done,Northstar Labs,0.0,16.0,No
T-0917,2026-02-27,2026-07-26,,Theo R.,Implementation,Medium,Blocked,Northstar Labs,19.0,24.0,No
T-0918,08 Mar 2026,2026-03-14,12/03/2026,Priya S.,Customer Success,High,done,Juniper Works,17.0,7.0,No
T-0919,2026-02-21,2026-02-24,23/02/2026,Sam N.,Customer Success,Medium,Completed,Northstar Labs,10.0,18.0,No
T-0920,2026-02-20,2026-06-21,,Priya S.,Customer Success,Low,Not started,Juniper Works,5.0,16.0,No
T-0921,05/03/2026,2026-03-09,08/03/2026,Priya S.,Implementation,Low,Done,Blue Orbit,7.0,-3.0,No
T-0922,2026-03-24,2026-03-26,,Theo R.,Operations,High,in-progress,Blue Orbit,3.0,6.0,No
T-0923,2026-01-13,2026-01-15,12/01/2026,Priya S.,Customer Success,Medium,done,Blue Orbit,4.0,6.0,No
T-0924,09 Feb 2026,2026-02-16,13/02/2026,Priya S.,Operations,Medium,done,Cedar & Finch,21.0,13.0,Yes
T-0925,23 Jan 2026,2026-01-28,26/01/2026,Priya S.,Operations,Medium,Done,Juniper Works,10.0,4.0,No
T-0926,28/01/2026,2026-01-31,03/02/2026,Priya S.,Implementation,High,Done,Blue Orbit,23.0,13.0,No
T-0927,17 Feb 2026,2026-06-23,,Priya S.,Operations,High,WIP,Juniper Works,3.0,17.0,No
T-0928,04/02/2026,2026-04-29,,Amina K.,Operations,High,blocked,Cedar & Finch,12.0,19.0,No
T-0929,25/03/2026,2026-03-30,29/03/2026,Priya S.,Operations,High,Completed,Juniper Works,8.0,22.0,No
T-0930,2026-03-19,2026-03-21,24/03/2026,Priya S.,Implementation,Medium,done,Blue Orbit,10.0,-4.0,No
T-0931,2026-01-13,2026-01-14,14/01/2026,Priya S.,Implementation,Low,Done,Cedar & Finch,-3.0,18.0,No
T-0932,11/02/2026,2026-05-20,,Theo R.,Implementation,High,WIP,Cedar & Finch,10.0,9.0,No
T-0933,13/02/2026,2026-07-20,2026-03-20,Sam N.,Customer Success,Medium,Blocked,Cedar & Finch,15.0,13.0,No
T-0934,2026-01-18,2026-01-19,22/01/2026,Priya S.,Customer Success,Medium,DONE,Blue Orbit,3.0,0.0,Yes
T-0935,2026-01-16,2026-05-26,,Sam N.,Implementation,Medium,In progress,Cedar & Finch,22.0,18.0,No
T-0936,27/02/2026,2026-03-02,05/03/2026,Priya S.,Operations,High,Completed,Blue Orbit,0.0,21.0,No
T-0937,29/03/2026,2026-03-30,,Theo R.,Implementation,Medium,Not started,Northstar Labs,19.0,18.0,Yes
T-0938,08/03/2026,2026-08-10,,Marco L.,Operations,Medium,Not started,Northstar Labs,12.0,12.0,No
T-0939,2026-01-31,2026-06-02,,Marco L.,Implementation,Medium,Not started,Northstar Labs,10.0,24.0,No
T-0940,10 Jan 2026,2026-04-27,,Priya S.,Customer Success,Medium,WIP,Northstar Labs,400.0,400.0,No
T-0941,26/02/2026,2026-06-23,,Priya S.,Operations,Low,Not started,Blue Orbit,14.0,21.0,Yes
T-0942,2026-02-20,2026-02-25,27/02/2026,Priya S.,Implementation,Medium,Completed,Northstar Labs,23.0,20.0,No
T-0943,18 Mar 2026,2026-07-12,,Theo R.,Customer Success,High,In progress,Cedar & Finch,7.0,11.0,No
T-0944,2026-02-15,2026-02-17,15/02/2026,Priya S.,Implementation,High,DONE,Juniper Works,5.0,18.0,No
T-0945,2026-01-31,2026-02-01,01/02/2026,Priya S.,Operations,Medium,Done,Blue Orbit,10.0,17.0,No
T-0946,24 Feb 2026,2026-03-03,04/03/2026,Priya S.,Customer Success,High,DONE,Northstar Labs,24.0,12.0,No
T-0947,28/03/2026,2026-03-31,29/03/2026,Priya S.,Implementation,High,DONE,Cedar & Finch,11.0,20.0,No
T-0948,24/01/2026,2026-06-02,,Marco L.,Implementation,High,Blocked,Blue Orbit,13.0,3.0,No
T-0949,2026-01-06,2026-01-11,09/01/2026,Theo R.,Customer Success,Medium,DONE,Northstar Labs,17.0,10.0,No
T-0950,2026-03-29,2026-04-06,29/03/2026,Jules M.,Operations,High,DONE,Juniper Works,0.0,7.0,Yes
T-0951,04 Mar 2026,2026-03-10,10/03/2026,Priya S.,Customer Success,Medium,done,Northstar Labs,4.0,13.0,No
T-0952,2026-02-13,2026-05-21,,Sam N.,Operations,Medium,in-progress,Cedar & Finch,9.0,14.0,No
T-0953,2026-03-24,2026-08-29,,Sam N.,Implementation,Medium,Not started,Cedar & Finch,8.0,0.0,No
T-0954,2026-02-03,2026-02-09,09/02/2026,Jules M.,Customer Success,Medium,Completed,Cedar & Finch,24.0,15.0,No
T-0955,2026-02-13,2026-07-05,,Priya S.,Implementation,High,WIP,Blue Orbit,9.0,0.0,No
T-0956,23 Mar 2026,2026-03-31,28/03/2026,Priya S.,Operations,Low,DONE,Juniper Works,5.0,13.0,No
T-0957,2026-03-17,2026-03-19,20/03/2026,Priya S.,Implementation,High,Done,Juniper Works,7.0,16.0,No
T-0958,21 Mar 2026,2026-03-24,25/03/2026,Priya S.,Customer Success,Low,DONE,Cedar & Finch,0.0,11.0,No
T-0959,18 Mar 2026,2026-03-24,27/03/2026,Priya S.,Operations,High,DONE,Juniper Works,13.0,24.0,No
T-0960,20 Jan 2026,2026-01-21,19/01/2026,Priya S.,Customer Success,Medium,DONE,Juniper Works,11.0,6.0,Yes
T-0961,12/01/2026,2026-01-16,16/01/2026,Priya S.,Customer Success,Low,done,Northstar Labs,6.0,3.0,No
T-0962,09/02/2026,2026-07-13,,Priya S.,Customer Success,High,in-progress,Cedar & Finch,8.0,8.0,No
T-0963,18 Jan 2026,2026-01-21,18/01/2026,Priya S.,Customer Success,Medium,Done,Juniper Works,13.0,13.0,No
T-0964,2026-02-25,2026-06-01,,Priya S.,Operations,High,blocked,Juniper Works,4.0,23.0,Yes
T-0965,2026-01-14,2026-01-19,19/01/2026,Priya S.,Customer Success,Medium,done,Cedar & Finch,15.0,400.0,No
T-0966,18/02/2026,2026-02-19,22/02/2026,Priya S.,Operations,High,DONE,Blue Orbit,400.0,7.0,No
T-0967,06/02/2026,2026-07-01,,Priya S.,Operations,Medium,WIP,Juniper Works,8.0,4.0,No
T-0968,24/01/2026,2026-01-29,27/01/2026,Marco L.,Implementation,Low,done,Northstar Labs,8.0,17.0,Yes
T-0969,23/01/2026,2026-05-18,,Priya S.,Customer Success,High,WIP,Northstar Labs,10.0,8.0,No
T-0970,27 Mar 2026,2026-09-01,,Priya S.,Customer Success,Medium,In progress,Northstar Labs,8.0,4.0,No
T-0971,2026-03-29,2026-04-04,29/03/2026,Jules M.,Customer Success,Medium,Done,Juniper Works,8.0,17.0,No
T-0972,25 Mar 2026,2026-03-27,25/03/2026,Sam N.,Operations,High,Completed,Blue Orbit,3.0,15.0,Yes
T-0973,23/02/2026,2026-06-12,,Priya S.,Implementation,Medium,in-progress,Northstar Labs,11.0,400.0,No
T-0974,08/03/2026,2026-08-04,,Priya S.,Customer Success,Medium,blocked,Northstar Labs,18.0,14.0,No
T-0975,10 Mar 2026,2026-03-15,17/03/2026,Theo R.,Customer Success,High,DONE,Northstar Labs,12.0,9.0,No
T-0976,06 Jan 2026,2026-01-11,09/01/2026,Priya S.,Implementation,High,Done,Northstar Labs,7.0,16.0,Yes
T-0977,2026-01-14,2026-05-23,,Theo R.,Implementation,High,Not started,Blue Orbit,22.0,18.0,No
T-0978,2026-02-10,2026-02-14,14/02/2026,Priya S.,Customer Success,Low,Completed,Cedar & Finch,3.0,5.0,No
T-0979,13/01/2026,2026-04-10,,Theo R.,Implementation,Medium,blocked,Cedar & Finch,19.0,9.0,No
T-0980,11/02/2026,2026-02-19,19/02/2026,Theo R.,Implementation,Medium,Done,Cedar & Finch,10.0,16.0,No
T-0981,2026-03-24,2026-07-21,,Marco L.,Operations,Medium,in-progress,Juniper Works,4.0,2.0,No
T-0982,24/01/2026,2026-02-01,29/01/2026,Priya S.,Operations,Medium,done,Northstar Labs,9.0,5.0,No
T-0983,06/01/2026,2026-01-13,11/01/2026,Priya S.,Implementation,High,done,Blue Orbit,19.0,6.0,No
T-0984,03 Feb 2026,2026-02-05,07/02/2026,Marco L.,Customer Success,Medium,Done,Juniper Works,4.0,21.0,Yes
T-0985,02 Mar 2026,2026-03-06,04/03/2026,Theo R.,Customer Success,Medium,Completed,Blue Orbit,10.0,23.0,No
T-0986,01/03/2026,2026-07-28,,Priya S.,Operations,Medium,blocked,Northstar Labs,14.0,22.0,No
T-0987,18 Mar 2026,2026-03-24,,Priya S.,Customer Success,High,done,Blue Orbit,2.0,17.0,No
T-0988,08/02/2026,2026-02-14,14/02/2026,Marco L.,Implementation,Medium,done,Blue Orbit,7.0,11.0,No
T-0989,2026-01-08,2026-01-10,07/01/2026,Marco L.,Operations,Medium,DONE,Juniper Works,8.0,7.0,No
T-0990,04/02/2026,2026-05-04,,  amina k.  ,Operations,High,Blocked,Blue Orbit,3.0,16.0,No
T-0991,2026-03-04,2026-07-02,,Priya S.,Operations,Medium,blocked,Juniper Works,17.0,8.0,No
T-0992,2026-03-06,2026-03-14,15/03/2026,Marco L.,Customer Success,Medium,DONE,Northstar Labs,24.0,20.0,Yes
T-0993,22/02/2026,2026-02-27,02/03/2026,Theo R.,Operations,Medium,DONE,Blue Orbit,21.0,13.0,No
T-0994,02/02/2026,2026-02-05,04/02/2026,Marco L.,Customer Success,Low,DONE,Cedar & Finch,6.0,5.0,Yes
T-0995,2026-03-14,2026-03-18,18/03/2026,Marco L.,Implementation,Medium,Completed,Juniper Works,5.0,19.0,No
T-0996,2026-01-23,2026-01-28,28/01/2026,Amina K.,Operations,Medium,done,Cedar & Finch,11.0,22.0,No
T-0997,12 Mar 2026,2026-03-18,16/03/2026,Amina K.,Customer Success,Medium,done,Juniper Works,22.0,11.0,No
T-0998,04/02/2026,2026-02-12,12/02/2026,Priya S.,Customer Success,Low,Done,Blue Orbit,16.0,19.0,No
T-0999,23/03/2026,2026-03-25,24/03/2026,Jules M.,Implementation,Medium,DONE,Cedar & Finch,14.0,19.0,No
T-1000,01/02/2026,2026-02-06,05/02/2026,Priya S.,Operations,Medium,Completed,Juniper Works,0.0,21.0,No
T-1001,29/03/2026,2026-07-05,,Theo R.,Customer Success,Low,WIP,Juniper Works,10.0,10.0,No
T-1002,11 Mar 2026,2026-03-18,15/03/2026,Priya S.,Implementation,Medium,Done,Juniper Works,8.0,12.0,No
T-1003,2026-03-27,2026-08-16,,Priya S.,Operations,High,in-progress,Blue Orbit,10.0,9.0,No
T-1004,25 Mar 2026,2026-03-29,29/03/2026,Marco L.,Customer Success,High,Completed,Juniper Works,12.0,-4.0,No
T-1005,29 Mar 2026,2026-08-15,,Theo R.,Implementation,Medium,in-progress,Blue Orbit,23.0,7.0,No
T-1006,23/01/2026,2026-01-26,26/01/2026,Theo R.,Implementation,Medium,Completed,Blue Orbit,18.0,22.0,No
T-1007,08 Mar 2026,2026-07-07,,Amina K.,Implementation,High,WIP,Cedar & Finch,21.0,18.0,Yes
T-1008,2026-03-11,2026-06-13,,Marco L.,Customer Success,Low,Blocked,Juniper Works,3.0,23.0,No
T-1009,19/02/2026,2026-06-24,,Amina K.,Implementation,Medium,WIP,Cedar & Finch,19.0,4.0,No
T-1010,2026-03-04,2026-03-05,04/03/2026,,Operations,Medium,done,Cedar & Finch,10.0,8.0,No
T-1011,08 Feb 2026,2026-02-12,09/02/2026,Jules M.,Customer Success,Medium,DONE,Juniper Works,7.0,15.0,No
T-1012,31/01/2026,2026-02-06,04/02/2026,Marco L.,Operations,High,Done,Juniper Works,400.0,12.0,No
T-1013,2026-03-08,2026-03-11,10/03/2026,Sam N.,Implementation,High,done,Northstar Labs,11.0,8.0,No
T-1014,17 Mar 2026,2026-03-21,21/03/2026,Theo R.,Implementation,Medium,DONE,Northstar Labs,2.0,20.0,No
T-1015,07 Feb 2026,2026-02-11,09/02/2026,Priya S.,Implementation,Low,DONE,Northstar Labs,17.0,21.0,No
T-1016,13/02/2026,2026-02-19,17/02/2026,Theo R.,Customer Success,Medium,Completed,Juniper Works,5.0,8.0,No
T-1017,2026-01-24,2026-01-28,25/01/2026,Theo R.,Customer Success,Low,DONE,Juniper Works,14.0,5.0,No
T-1018,04/03/2026,2026-03-03,,Theo R.,Implementation,Medium,In progress,Juniper Works,6.0,15.0,No
T-1019,2026-03-17,2026-03-23,,Priya S.,Operations,High,Not started,Blue Orbit,23.0,8.0,No
T-1020,22 Mar 2026,2026-03-27,25/03/2026,Sam N.,Operations,High,DONE,Cedar & Finch,0.0,21.0,No
T-1021,24 Feb 2026,2026-02-26,25/02/2026,,Customer Success,Medium,done,Juniper Works,400.0,400.0,No
T-1022,04 Mar 2026,2026-03-08,09/03/2026,Theo R.,Implementation,Medium,Done,Juniper Works,0.0,12.0,No
T-1023,2026-01-09,2026-01-12,11/01/2026,Priya S.,Customer Success,Low,done,Blue Orbit,7.0,21.0,No
T-1024,2026-03-19,2026-03-27,26/03/2026,Priya S.,Implementation,Low,Completed,Juniper Works,6.0,6.0,No
T-1025,2026-02-18,2026-02-20,19/02/2026,Priya S.,Customer Success,High,DONE,Juniper Works,3.0,22.0,No
T-1026,15 Jan 2026,2026-01-20,18/01/2026,Marco L.,Operations,Medium,Completed,Northstar Labs,23.0,-2.0,No
T-1027,15 Mar 2026,2026-03-18,18/03/2026,Marco L.,Customer Success,High,Completed,Northstar Labs,10.0,9.0,No
T-1028,31 Jan 2026,2026-02-01,03/02/2026,Priya S.,Customer Success,High,Completed,Northstar Labs,14.0,21.0,No
T-1029,27/02/2026,2026-03-02,,Jules M.,Implementation,Medium,WIP,Northstar Labs,0.0,15.0,No
T-1030,28 Feb 2026,2026-07-08,,Priya S.,Operations,High,In progress,Juniper Works,5.0,2.0,No
T-1031,01/03/2026,2026-06-06,,Marco L.,Implementation,Medium,Not started,Cedar & Finch,5.0,23.0,No
T-1032,16 Feb 2026,2026-02-21,21/02/2026,Priya S.,Implementation,High,Completed,Northstar Labs,9.0,17.0,No
T-1033,02/03/2026,2026-07-26,,Theo R.,Operations,High,in-progress,Blue Orbit,22.0,17.0,No
T-1034,12/01/2026,2026-06-05,,Theo R.,Operations,High,Not started,Juniper Works,21.0,17.0,No
T-1035,2026-03-12,2026-03-16,16/03/2026,Amina K.,Implementation,High,Completed,Blue Orbit,-2.0,20.0,No
T-1036,27 Mar 2026,2026-03-29,29/03/2026,Priya S.,Operations,High,Done,Juniper Works,16.0,20.0,Yes
T-1037,20 Feb 2026,2026-02-23,23/02/2026,Priya S.,Implementation,Medium,DONE,Blue Orbit,15.0,3.0,Yes
T-1038,2026-02-24,2026-02-28,,Priya S.,Implementation,High,in-progress,Cedar & Finch,5.0,21.0,No
T-1039,06 Mar 2026,2026-03-11,09/03/2026,Theo R.,Operations,Low,Done,Juniper Works,5.0,13.0,No
T-1040,13 Feb 2026,2026-02-17,14/02/2026,Jules M.,Customer Success,Low,DONE,Northstar Labs,4.0,17.0,No
T-1041,2026-03-22,2026-08-29,,Amina K.,Operations,Low,In progress,Cedar & Finch,14.0,22.0,No
T-1042,21 Feb 2026,2026-03-01,27/02/2026,Priya S.,Operations,Low,DONE,Blue Orbit,7.0,23.0,No
T-1043,2026-03-01,2026-08-02,,Jules M.,Customer Success,Low,blocked,Northstar Labs,15.0,-2.0,No
T-1044,02 Mar 2026,2026-07-20,,Theo R.,Operations,Medium,Blocked,Juniper Works,2.0,17.0,No
T-1045,15/01/2026,2026-01-18,15/01/2026,Priya S.,Implementation,Medium,Done,Northstar Labs,24.0,10.0,Yes
T-1046,24 Mar 2026,2026-03-28,26/03/2026,Priya S.,Customer Success,Medium,done,Juniper Works,20.0,17.0,No
T-1047,25 Jan 2026,2026-01-27,29/01/2026,Theo R.,Implementation,High,DONE,Juniper Works,14.0,24.0,No
T-1048,29/01/2026,2026-06-09,,Priya S.,Customer Success,Medium,blocked,Northstar Labs,9.0,14.0,No
T-1049,19 Mar 2026,2026-07-29,,Marco L.,Implementation,Low,Not started,Juniper Works,19.0,-4.0,No
T-1050,2026-02-20,2026-02-23,23/02/2026,Amina K.,Customer Success,Medium,Done,Juniper Works,16.0,3.0,No
T-1051,27/03/2026,2026-03-31,29/03/2026,Priya S.,Customer Success,Medium,Completed,Cedar & Finch,3.0,14.0,No
T-1052,22 Jan 2026,2026-01-23,23/01/2026,Priya S.,Operations,High,done,Northstar Labs,4.0,15.0,No
T-1053,14 Feb 2026,2026-02-21,20/02/2026,Amina K.,Operations,High,DONE,Juniper Works,23.0,4.0,No
T-1054,09/02/2026,2026-02-16,13/02/2026,Theo R.,Operations,Medium,Completed,Northstar Labs,6.0,13.0,No
T-1055,23/02/2026,2026-08-02,2026-03-20,Amina K.,Implementation,High,WIP,Blue Orbit,6.0,-3.0,Yes
T-1056,11 Mar 2026,2026-03-17,14/03/2026,Theo R.,Implementation,Low,Done,Northstar Labs,5.0,10.0,Yes
T-1057,14 Mar 2026,2026-03-20,20/03/2026,Theo R.,Implementation,Medium,Done,Juniper Works,10.0,16.0,No
T-1058,2026-02-05,2026-06-17,,Jules M.,Operations,Low,Blocked,Cedar & Finch,10.0,15.0,No
T-1059,19/03/2026,2026-03-21,21/03/2026,Marco L.,Operations,Medium,DONE,Cedar & Finch,3.0,12.0,No
T-1060,23 Mar 2026,2026-03-31,29/03/2026,Amina K.,Operations,Medium,done,Juniper Works,14.0,12.0,No
T-1061,2026-02-12,2026-06-08,,Amina K.,Operations,Medium,Blocked,Blue Orbit,11.0,9.0,No
T-1062,2026-01-19,2026-01-24,,Priya S.,Operations,Medium,Not started,Cedar & Finch,15.0,0.0,No
T-1063,09/02/2026,2026-02-16,13/02/2026,Priya S.,Customer Success,Medium,Completed,Northstar Labs,20.0,21.0,No
T-1064,21 Mar 2026,2026-03-25,25/03/2026,Amina K.,Customer Success,Low,DONE,Cedar & Finch,-2.0,3.0,Yes
T-1065,23 Feb 2026,2026-06-02,,Amina K.,Customer Success,High,in-progress,Northstar Labs,11.0,21.0,No
T-1066,2026-01-23,2026-05-07,,Priya S.,Implementation,High,WIP,Blue Orbit,0.0,7.0,No
T-1067,2026-02-08,2026-02-14,13/02/2026,,Implementation,Medium,Done,Juniper Works,13.0,4.0,No
T-1068,2026-01-08,2026-05-04,,Priya S.,Operations,Low,Blocked,Juniper Works,10.0,400.0,No
T-1069,09/01/2026,2026-01-17,15/01/2026,Amina K.,Customer Success,Medium,Completed,Northstar Labs,22.0,16.0,No
T-1070,2026-02-27,2026-06-07,,Marco L.,Implementation,High,In progress,Cedar & Finch,2.0,7.0,No
T-1071,2026-02-12,2026-02-14,11/02/2026,,Operations,Medium,done,Northstar Labs,21.0,3.0,No
T-1072,2026-02-16,2026-02-19,,Marco L.,Operations,High,Blocked,Juniper Works,14.0,18.0,No
T-1073,2026-03-08,2026-06-18,,Priya S.,Customer Success,High,in-progress,Blue Orbit,3.0,18.0,No
T-1074,10/03/2026,2026-03-17,20/03/2026,Theo R.,Customer Success,Medium,DONE,Blue Orbit,12.0,0.0,No
T-1075,13 Mar 2026,2026-08-11,,Jules M.,Operations,Low,blocked,Juniper Works,12.0,6.0,No
T-1076,23/03/2026,2026-06-19,,Theo R.,Operations,High,in-progress,Cedar & Finch,8.0,16.0,No
T-1077,21 Jan 2026,2026-06-14,,Jules M.,Operations,Low,Not started,Blue Orbit,10.0,23.0,No
T-1078,13 Feb 2026,2026-02-19,18/02/2026,Marco L.,Implementation,High,Done,Blue Orbit,22.0,0.0,No
T-1079,11/01/2026,2026-04-09,,Marco L.,Implementation,Medium,blocked,Northstar Labs,8.0,17.0,No
T-1080,19/03/2026,2026-08-10,,Jules M.,Customer Success,Low,Blocked,Northstar Labs,17.0,14.0,No
T-1081,28 Feb 2026,2026-05-20,,Priya S.,Customer Success,High,blocked,Blue Orbit,3.0,14.0,No
T-1082,15 Jan 2026,2026-04-30,,Priya S.,Operations,High,Blocked,Blue Orbit,12.0,9.0,No
T-1083,10/03/2026,2026-03-16,16/03/2026,Amina K.,Operations,Medium,Completed,Cedar & Finch,0.0,4.0,No
T-1084,19/03/2026,2026-03-22,21/03/2026,Priya S.,Operations,Low,Completed,Cedar & Finch,22.0,9.0,No
T-1085,20 Jan 2026,2026-01-25,24/01/2026,Priya S.,Customer Success,Medium,DONE,Blue Orbit,400.0,6.0,No
T-1086,20/02/2026,2026-02-19,2026-03-20,Sam N.,Implementation,High,In progress,Cedar & Finch,6.0,4.0,No
T-1087,29 Jan 2026,2026-05-06,,Theo R.,Operations,Low,In progress,Northstar Labs,6.0,5.0,No
T-1088,04 Mar 2026,2026-03-05,07/03/2026,Amina K.,Implementation,High,DONE,Juniper Works,13.0,400.0,No
T-1089,2026-02-16,2026-02-20,19/02/2026,Amina K.,Implementation,Medium,done,Northstar Labs,-4.0,18.0,Yes
T-1090,28/01/2026,2026-02-02,02/02/2026,Priya S.,Customer Success,High,DONE,Juniper Works,23.0,21.0,No
T-1091,27/03/2026,2026-07-15,,Priya S.,Operations,Medium,Blocked,Juniper Works,19.0,22.0,Yes
T-1092,26/02/2026,2026-06-20,,Priya S.,Implementation,High,blocked,Juniper Works,14.0,11.0,No
T-1093,12 Feb 2026,2026-06-01,,Priya S.,Operations,High,Blocked,Juniper Works,18.0,12.0,No
T-1094,2026-03-18,2026-03-25,28/03/2026,Priya S.,Implementation,Medium,Done,Northstar Labs,21.0,8.0,No
T-1095,2026-01-25,2026-01-24,29/01/2026,  priya s.  ,Operations,Medium,done,Blue Orbit,10.0,3.0,No
T-1096,22 Mar 2026,2026-08-21,,Priya S.,Operations,High,blocked,Northstar Labs,20.0,13.0,No
T-1097,2026-02-11,2026-02-17,14/02/2026,Priya S.,Implementation,Medium,DONE,Northstar Labs,22.0,10.0,No
T-1098,03/03/2026,2026-03-07,06/03/2026,Priya S.,Implementation,High,DONE,Blue Orbit,16.0,9.0,No
T-1099,26/01/2026,2026-02-01,30/01/2026,Priya S.,Implementation,Medium,Completed,Cedar & Finch,9.0,9.0,No
T-1100,13/02/2026,2026-02-15,16/02/2026,Priya S.,Implementation,High,Done,Northstar Labs,16.0,19.0,No
T-1101,2026-02-22,2026-02-26,23/02/2026,Marco L.,Customer Success,Medium,done,Cedar & Finch,5.0,24.0,No
T-1102,11 Mar 2026,2026-03-17,14/03/2026,Jules M.,Customer Success,Low,Completed,Northstar Labs,17.0,4.0,No
T-1103,2026-02-25,2026-02-24,,Jules M.,Implementation,Medium,Not started,Blue Orbit,10.0,17.0,No
T-1104,03 Feb 2026,2026-02-07,04/02/2026,Marco L.,Implementation,Medium,DONE,Cedar & Finch,21.0,20.0,No
T-1105,21 Jan 2026,2026-05-27,,Priya S.,Customer Success,High,in-progress,Blue Orbit,7.0,3.0,No
T-1106,26 Jan 2026,2026-02-01,,,Customer Success,Medium,in-progress,Blue Orbit,17.0,4.0,Yes
T-1107,2026-01-10,2026-01-18,17/01/2026,Priya S.,Implementation,Medium,Completed,Juniper Works,7.0,21.0,No
T-1108,2026-02-10,2026-02-15,13/02/2026,Priya S.,Implementation,Low,done,Juniper Works,23.0,17.0,No
T-1109,2026-02-11,2026-02-17,17/02/2026,Priya S.,Operations,Medium,done,Northstar Labs,19.0,-1.0,No
T-1110,18/02/2026,2026-05-20,,Theo R.,Implementation,Medium,in-progress,Northstar Labs,9.0,2.0,Yes
T-1111,21 Feb 2026,2026-02-24,23/02/2026,Priya S.,Operations,High,done,Cedar & Finch,18.0,3.0,No
T-1112,2026-03-03,2026-07-29,,Theo R.,Implementation,Medium,WIP,Blue Orbit,6.0,24.0,No
T-1113,18/03/2026,2026-03-17,22/03/2026,Theo R.,Implementation,High,done,Blue Orbit,7.0,9.0,No
T-1114,10/01/2026,2026-01-18,15/01/2026,Sam N.,Implementation,Medium,Done,Juniper Works,4.0,-1.0,No
T-1115,12/02/2026,2026-02-19,21/02/2026,Priya S.,Implementation,High,Completed,Blue Orbit,14.0,11.0,No
T-1116,06 Feb 2026,2026-02-07,06/02/2026,Jules M.,Implementation,Low,Done,Blue Orbit,3.0,13.0,No
T-1117,2026-02-02,2026-06-02,,Priya S.,Operations,High,Not started,Northstar Labs,13.0,23.0,No
T-1118,19/01/2026,2026-01-20,19/01/2026,,Implementation,Low,DONE,Northstar Labs,5.0,17.0,Yes
T-1119,2026-02-25,2026-07-20,,Priya S.,Operations,Medium,WIP,Blue Orbit,17.0,23.0,No
T-1120,2026-02-25,2026-03-02,02/03/2026,Priya S.,Customer Success,Medium,Completed,Blue Orbit,23.0,8.0,Yes
T-1121,26 Feb 2026,2026-07-03,,Marco L.,Operations,Medium,blocked,Northstar Labs,16.0,7.0,No
T-1122,14/01/2026,2026-01-17,19/01/2026,Priya S.,Operations,High,done,Juniper Works,21.0,19.0,No
T-1123,2026-03-11,2026-03-13,13/03/2026,Theo R.,Customer Success,High,DONE,Juniper Works,17.0,5.0,No
T-1124,22/02/2026,2026-03-01,04/03/2026,Marco L.,Implementation,High,Done,Juniper Works,16.0,0.0,No
T-1125,02 Mar 2026,2026-05-31,,Sam N.,Customer Success,High,WIP,Northstar Labs,17.0,3.0,No
T-1126,13/03/2026,2026-03-16,18/03/2026,Jules M.,Customer Success,Low,Completed,Northstar Labs,19.0,16.0,No
T-1127,2026-03-24,2026-03-30,28/03/2026,Amina K.,Implementation,Low,Done,Cedar & Finch,2.0,13.0,No
T-1128,11 Jan 2026,2026-01-18,16/01/2026,Jules M.,Implementation,Low,Completed,Juniper Works,2.0,5.0,No
T-1129,2026-03-15,2026-03-21,20/03/2026,Theo R.,Customer Success,High,Completed,Cedar & Finch,10.0,14.0,Yes
T-1130,03/02/2026,2026-02-09,07/02/2026,Priya S.,Customer Success,Medium,Completed,Cedar & Finch,7.0,8.0,No
T-1131,2026-02-22,2026-06-20,,  sam n.  ,Operations,High,in-progress,Northstar Labs,12.0,12.0,No
T-1132,2026-03-24,2026-03-25,27/03/2026,  marco l.  ,Implementation,High,done,Cedar & Finch,18.0,13.0,No
T-1133,16 Mar 2026,2026-06-07,,Priya S.,Implementation,Medium,in-progress,Juniper Works,7.0,11.0,No
T-1134,09 Mar 2026,2026-03-17,16/03/2026,Priya S.,Operations,High,Done,Juniper Works,12.0,13.0,No
T-1135,05 Mar 2026,2026-03-11,09/03/2026,Marco L.,Implementation,Medium,done,Juniper Works,15.0,20.0,Yes
T-1136,28 Feb 2026,2026-08-03,,Marco L.,Operations,High,blocked,Northstar Labs,15.0,23.0,No
T-1137,2026-01-22,2026-01-24,24/01/2026,Sam N.,Customer Success,High,Completed,Cedar & Finch,4.0,18.0,No
T-1138,22 Mar 2026,2026-03-26,28/03/2026,Priya S.,Implementation,Medium,Completed,Blue Orbit,20.0,4.0,No
T-1139,31/02/2026,2026-05-22,,Priya S.,Implementation,Medium,Not started,Juniper Works,13.0,23.0,No
T-1140,17 Jan 2026,2026-06-08,,Priya S.,Implementation,High,Blocked,Northstar Labs,3.0,5.0,No
T-1141,26 Mar 2026,2026-03-28,26/03/2026,Sam N.,Operations,Medium,Done,Juniper Works,8.0,400.0,No
T-1142,31/02/2026,2026-03-23,24/03/2026,Amina K.,Operations,Low,done,Blue Orbit,16.0,12.0,No
T-1143,09 Feb 2026,2026-02-10,07/02/2026,Theo R.,Implementation,Low,DONE,Northstar Labs,15.0,19.0,No
T-1144,02/03/2026,2026-03-09,07/03/2026,Marco L.,Operations,High,done,Cedar & Finch,6.0,5.0,Yes
T-1145,17 Jan 2026,2026-01-25,23/01/2026,Marco L.,Operations,Medium,DONE,Blue Orbit,20.0,6.0,No
T-1146,2026-02-12,2026-02-20,23/02/2026,Priya S.,Implementation,Medium,Done,Blue Orbit,24.0,21.0,No
T-1147,23/03/2026,2026-03-31,29/03/2026,Marco L.,Implementation,Medium,DONE,Blue Orbit,15.0,14.0,No
T-1148,2026-03-10,2026-03-18,17/03/2026,Marco L.,Operations,High,Completed,Blue Orbit,7.0,6.0,No
T-1149,02 Mar 2026,2026-08-03,,Sam N.,Implementation,Medium,WIP,Blue Orbit,19.0,7.0,No
T-1150,18/01/2026,2026-01-21,20/01/2026,Priya S.,Implementation,Low,Completed,Northstar Labs,21.0,13.0,No
T-1151,24 Jan 2026,2026-01-27,26/01/2026,Amina K.,Operations,Medium,Done,Juniper Works,19.0,23.0,No
T-1152,2026-02-21,2026-02-23,21/02/2026,Priya S.,Customer Success,Medium,Completed,Northstar Labs,10.0,13.0,No
T-1153,22 Jan 2026,2026-01-26,29/01/2026,Priya S.,Operations,High,Completed,Juniper Works,10.0,2.0,No
T-1154,2026-02-04,2026-02-07,10/02/2026,Priya S.,Customer Success,High,Done,Cedar & Finch,24.0,14.0,No
T-1155,20/03/2026,2026-03-23,21/03/2026,Priya S.,Implementation,Medium,Done,Juniper Works,7.0,5.0,No
T-1156,26 Jan 2026,2026-02-03,31/01/2026,,Implementation,Medium,Done,Juniper Works,20.0,20.0,No
T-1157,04 Mar 2026,2026-03-11,10/03/2026,Priya S.,Implementation,Medium,DONE,Blue Orbit,6.0,9.0,No
T-1158,24/03/2026,2026-03-23,,Priya S.,Customer Success,Low,Not started,Cedar & Finch,6.0,15.0,No
T-1159,24 Feb 2026,2026-05-17,,Amina K.,Customer Success,Low,blocked,Cedar & Finch,7.0,18.0,No
T-1160,28 Mar 2026,2026-03-29,29/03/2026,Amina K.,Customer Success,High,done,Cedar & Finch,19.0,2.0,Yes
T-1161,23/03/2026,2026-03-30,29/03/2026,Priya S.,Operations,High,DONE,Blue Orbit,6.0,18.0,No
T-1162,2026-03-24,2026-03-29,29/03/2026,Marco L.,Implementation,High,DONE,Blue Orbit,18.0,11.0,No
T-1163,17 Feb 2026,2026-07-10,,Amina K.,Customer Success,High,blocked,Cedar & Finch,12.0,6.0,No
T-1164,18/01/2026,2026-01-26,29/01/2026,Priya S.,Operations,Low,done,Northstar Labs,21.0,12.0,No
T-1165,15 Jan 2026,2026-06-05,,Marco L.,Implementation,Low,In progress,Cedar & Finch,9.0,19.0,Yes
T-1166,2026-01-06,2026-01-07,06/01/2026,Priya S.,Customer Success,High,done,Blue Orbit,-4.0,24.0,No
T-1167,2026-03-28,2026-07-22,,Priya S.,Customer Success,Low,in-progress,Juniper Works,17.0,5.0,No
T-1168,04/02/2026,2026-05-19,,Priya S.,Customer Success,Medium,blocked,Cedar & Finch,13.0,24.0,No
T-1169,10/03/2026,2026-03-14,12/03/2026,Marco L.,Implementation,Low,Completed,Juniper Works,18.0,15.0,No
T-1170,20/03/2026,2026-07-17,,Amina K.,Operations,Medium,blocked,Northstar Labs,24.0,7.0,No
T-1171,2026-01-19,2026-01-25,26/01/2026,Priya S.,Implementation,Medium,done,Northstar Labs,4.0,24.0,No
T-1172,15/01/2026,2026-01-21,22/01/2026,Amina K.,Operations,High,DONE,Northstar Labs,2.0,6.0,No
T-1173,24/02/2026,2026-06-02,,Marco L.,Implementation,Low,Blocked,Cedar & Finch,9.0,8.0,Yes
T-1174,2026-03-25,2026-03-28,26/03/2026,Jules M.,Customer Success,Medium,Done,Northstar Labs,16.0,11.0,No
T-1175,01 Feb 2026,2026-06-07,,Priya S.,Operations,High,In progress,Cedar & Finch,10.0,2.0,No
T-1176,2026-01-05,2026-01-10,08/01/2026,Jules M.,Customer Success,High,done,Cedar & Finch,15.0,3.0,No
T-1177,2026-02-21,2026-02-28,26/02/2026,Marco L.,Customer Success,Medium,Done,Juniper Works,23.0,18.0,No
T-1178,20 Mar 2026,2026-07-07,,  priya s.  ,Customer Success,Medium,Blocked,Northstar Labs,4.0,18.0,No
T-1179,2026-01-08,2026-01-12,11/01/2026,Priya S.,Operations,Low,DONE,Northstar Labs,22.0,3.0,No
T-1180,31 Jan 2026,2026-02-04,07/02/2026,Theo R.,Implementation,Medium,Completed,Northstar Labs,18.0,12.0,Yes
T-1181,25 Feb 2026,2026-08-04,,Priya S.,Customer Success,Medium,blocked,Juniper Works,8.0,22.0,No
T-1182,10/01/2026,2026-06-09,,Sam N.,Customer Success,Medium,In progress,Cedar & Finch,7.0,12.0,Yes
T-1183,19 Feb 2026,2026-02-22,20/02/2026,Sam N.,Customer Success,Medium,done,Cedar & Finch,20.0,8.0,No
T-1184,24/03/2026,2026-03-25,27/03/2026,Priya S.,Operations,High,DONE,Cedar & Finch,5.0,7.0,No
T-1185,2026-02-21,2026-06-01,,Priya S.,Implementation,High,Not started,Juniper Works,-3.0,17.0,No
T-1186,14/01/2026,2026-01-22,21/01/2026,Sam N.,Customer Success,High,DONE,Cedar & Finch,4.0,5.0,No
T-1187,2026-03-17,2026-03-22,20/03/2026,Jules M.,Operations,Medium,done,Juniper Works,24.0,16.0,No
T-1188,2026-02-16,2026-05-10,,Jules M.,Operations,Medium,Blocked,Juniper Works,13.0,13.0,No
T-1189,26 Jan 2026,2026-01-27,25/01/2026,Priya S.,Operations,High,done,Juniper Works,-4.0,3.0,No
T-1190,2026-03-15,2026-03-17,15/03/2026,Priya S.,Implementation,Medium,Completed,Northstar Labs,10.0,19.0,Yes
T-1191,20 Mar 2026,2026-03-22,,Priya S.,Customer Success,High,Blocked,Blue Orbit,21.0,8.0,No
T-1192,2026-01-30,2026-05-29,,Priya S.,Implementation,Medium,in-progress,Northstar Labs,17.0,9.0,No
T-1193,26 Jan 2026,2026-01-30,29/01/2026,Priya S.,Operations,High,Done,Blue Orbit,20.0,4.0,No
T-1194,2026-02-27,2026-07-13,,Theo R.,Implementation,High,Not started,Blue Orbit,20.0,13.0,No
T-1195,12 Jan 2026,2026-01-17,14/01/2026,Theo R.,Implementation,Low,DONE,Northstar Labs,4.0,3.0,No
T-1196,26 Mar 2026,2026-08-31,,Priya S.,Implementation,Low,blocked,Juniper Works,10.0,21.0,No
T-1197,12 Feb 2026,2026-02-19,16/02/2026,Jules M.,Implementation,Medium,DONE,Cedar & Finch,5.0,3.0,Yes
T-1198,23/03/2026,2026-03-27,27/03/2026,Amina K.,Implementation,Medium,Completed,Northstar Labs,12.0,15.0,No
T-1199,2026-03-19,2026-03-22,23/03/2026,Priya S.,Customer Success,High,Done,Juniper Works,17.0,24.0,No
T-1200,23/03/2026,2026-03-27,26/03/2026,Amina K.,Customer Success,Medium,Done,Juniper Works,23.0,16.0,No
T-1084,19/03/2026,2026-03-22,21/03/2026,Priya S.,Operations,Low,Completed,Cedar & Finch,22.0,9.0,No
T-0615,2026-03-26,2026-08-29,,Priya S.,Customer Success,Medium,WIP,Northstar Labs,0.0,20.0,No
T-0480,10/01/2026,2026-01-18,17/01/2026,Marco L.,Operations,High,Done,Cedar & Finch,14.0,10.0,No
T-0650,2026-03-19,2026-03-23,23/03/2026,Jules M.,Customer Success,Low,DONE,Blue Orbit,10.0,15.0,No
T-1116,06 Feb 2026,2026-02-07,06/02/2026,Jules M.,Implementation,Low,Done,Blue Orbit,3.0,13.0,No
T-0808,08 Mar 2026,2026-03-09,12/03/2026,Amina K.,Operations,Medium,DONE,Northstar Labs,14.0,5.0,Yes
T-1124,22/02/2026,2026-03-01,04/03/2026,Marco L.,Implementation,High,Done,Juniper Works,16.0,0.0,No
T-0277,29/01/2026,2026-02-02,01/02/2026,Theo R.,Implementation,Medium,done,Blue Orbit,2.0,0.0,No
T-0874,09/03/2026,2026-03-11,12/03/2026,Priya S.,Operations,Medium,DONE,Cedar & Finch,15.0,3.0,No
T-0409,22 Jan 2026,2026-05-29,,Jules M.,Implementation,Low,In progress,Blue Orbit,22.0,400.0,No
T-0725,15/03/2026,2026-03-22,20/03/2026,Jules M.,Operations,Medium,Completed,Northstar Labs,20.0,9.0,No
T-0089,2026-03-22,2026-03-27,28/03/2026,Priya S.,Customer Success,High,done,Juniper Works,17.0,3.0,No
T-0767,05 Mar 2026,2026-07-20,,Theo R.,Operations,Low,Blocked,Juniper Works,7.0,4.0,No
T-0290,13 Mar 2026,2026-03-17,17/03/2026,Priya S.,Implementation,Medium,Done,Cedar & Finch,21.0,17.0,No
T-0600,2026-03-04,2026-03-10,10/03/2026,Priya S.,Operations,High,Completed,Cedar & Finch,9.0,19.0,No
T-0563,2026-01-29,2026-01-30,01/02/2026,Priya S.,Operations,High,DONE,Juniper Works,6.0,15.0,No
T-0675,13/03/2026,2026-03-15,15/03/2026,Priya S.,Implementation,Medium,DONE,Cedar & Finch,16.0,19.0,No
T-0374,2026-02-13,2026-05-09,,Marco L.,Customer Success,High,In progress,Blue Orbit,9.0,11.0,No
T-0822,31/02/2026,2026-02-20,20/02/2026,Priya S.,Operations,Low,Done,Juniper Works,17.0,6.0,No
T-0918,08 Mar 2026,2026-03-14,12/03/2026,Priya S.,Customer Success,High,done,Juniper Works,17.0,7.0,No
T-0661,2026-02-03,2026-02-09,10/02/2026,Priya S.,Implementation,Low,DONE,Juniper Works,2.0,20.0,No
T-0688,09 Mar 2026,2026-06-08,,Priya S.,Customer Success,Medium,in-progress,Blue Orbit,6.0,13.0,No
T-0122,18 Mar 2026,2026-06-29,,Marco L.,Operations,Medium,blocked,Juniper Works,17.0,20.0,No
T-0236,30/01/2026,2026-01-31,01/02/2026,Amina K.,Implementation,High,DONE,Blue Orbit,5.0,11.0,No
